,0mfl17,1300mfl14,1325mfl15,1325mfl17,20microns,21stcenmgm,3iinfotech,3mindialtd,675us64,793rec22,7seastech,810irfc2327,812rec27,820nhai22,820pfc2022,821rec27,830nhai27,830pfc2027,843idfc22b,8irfc230222,8kmiles,a2zmes,aadiindusl,aanjaneya,aareydrugs,aartidrugs,aartiindust,aarveedenim,aashee,aban01mar07,abanoffsh,abanoffsho,abbltd,abbotti,abcgasint,abcil,abcindia,abcpaper,abeeinfoco,abgheavyin,abginfralog,abgshipyard,abhicorplt,abhinavcap,abhishekind,abiramifin,abirnuvonc,abk301009,ablbiotech,abmknowledg,abml,accelfrontl,acceltrans,accenttech,acclaimind,accltd,accuratetra,aceindialt,acesoftware,aciinfocom,acil,acknitind,acknitknit,ackruti,acropettec,acrowindia,acrycilltd,actionconst,actionfin,adanienter,adaniports,adanipower,adarshderi,adarshplant,adcindia,addiind,adeshwarcot,adffoodslt,adhunikmet,adibirnuvo,adifinchm,adinathbio,adinathexim,adirasayan,adityaforge,adityaint,adityaispat,adlabsfilms,admanumfin,adorfontech,adormulti,adorwelding,advancedmic,advancetech,advanihotel,advanta,adventcomp,adviklabors,advlifesty,advpower,aegislogis,aegislogist,aektaltd,aeonianpub,aftekltd,aftindust,agarindcor,agarwalhold,agcnet,agiopaper,agredevelo,agrodutchi,agrotechfo,agsinfo,ahlconparen,ahluwaliaco,ahmedforg,ahmedgases,ahmedsteel,aiaengineer,aichampdny,ail25sep10,aimcopesti,aiml,aishwaryate,ajantapharm,ajantasoya,ajconglobal,ajel,ajmera,ajwafunwor,akankshafin,akankshcel,akankshfinv,akartoolsl,akcapital,aklsoftinf,akruticity,akrutnirman,aksharchemi,akshoptifib,akzoindia,albertdavid,albrwilso,alchcorp,alchemistlt,alcobexmet,alembicltd,alempharma,alfaicai,alfalaval,alfatransfo,alfavisonov,alfredherb,alicon,alkadiamond,alkaindia,alkali,alkasecur,alkylamines,allahabadbk,allcargo,allcargoglo,allianzcap,allianzsec,alliedcomp,allieddigit,allsectech,almondzcms,almondzglo,alokindpp,alokinds,alpalab,alphageoi,alphagraphi,alphahitec,alpinehsg,alpsinds,alstompower,alstomtd,alufluoride,alumindex,amalgamated,amalproduct,amanitrad,amardeepind,amarjothisp,amarrajaba,amarremedie,ambicaagar,ambikacotto,ambitiouspl,ambujaceme,amcoindial,amdindus,amdmetplast,amforgeind,aminesplast,amitintnl,amitsecur,amitspin,aml,amrapalidev,amrapaliind,amraworagri,amritbanas,amritbanasp,amritcorp,amritenter,amrutanjan,amrutanjps,amtekauto,amtekindia,amulyaleas,anandcredit,anandelec,anantrajin,ancentsoft,andhrabank,andhracemen,andhrapaper,andhrapetro,andhrasugar,andrewyule,angauto,angind,anikinds,anilltd,anilmodi,anilproduct,anilspstel,anjanidham,anjanifabri,anjanifinl,anjaniportl,anjanisynt,ankaindia,ankitmetal,ankurdrugs,ankushfinst,annafinance,annainfra,ansalbuild,ansalhous,ansalinfras,ansltd,antifbearng,anuhpharma,anukarancom,anulabs,aparindus,apcotexind,apeegoltd,aplabltd,aplapollo,apmindus,apollofini,apollohosp,apollosindh,apollotyres,applefinanc,appmlwarr,apteamal,aptechltd,apwpres,aqualogist,aravalisec,arcadiamerc,arceeindust,archanasoft,archidplyin,archiesltd,arcotechltd,ardiinvest,arealty,areva,arexind,arhamplast,aricentinf,ariconsolid,aridhihitec,ariesagro,arihantcap,arihantfoun,arihantsec,arihsuper,aristocrat,armanfin,armanleasin,armourpoly,armspaper,arogranite,aromaent,aronicomm,arorafibres,arrowcoated,arrowsec,arrowtex,arrowwebtex,arshyiaintl,arsicosmet,arssinfra,artefactpr,artefactsof,artheon,artillegence,artsoneng,arumuga,arunjyotien,arunoday,arvindchem,arvindinter,arvindltd,arvindmills,arvindprodu,arvindrem,aryamanfin,asahifibres,asahiind,asahiinfra,asahiingla,asahisong,asarabhai,ascentexim,ashapuraltd,ashcoinds,ashconiul,ashianaagro,ashianahou,ashianahsg,ashianaisp,ashikacr,ashimaltd,ashiminv,ashirwadcap,ashirwadstl,ashishpoly,ashnoortex,ashoka,ashokalco,ashokleyl,ashramonlin,ashutoshpap,asiafab,asiahrtech,asiancerci,asianelectr,asianfilms,asiangranit,asianhotels,asianhotnr,asianhtle,asianhtlw,asianinetw,asianlakcap,asianoilfie,asianpaints,asianstar,asiantea,asiapack,asitcfin,askmeinhu,asmtechnolo,assambrook,assamco,assamcoltd,assampetro,assoalcohol,assocfinlea,assocstone,assoprofile,asteclife,astersili,astralpoly,astramicro,astrazenbon,astrazenph,atharvent,atlanta,atlascopco,atlascycles,atninter,atreyapetro,atulauto,atulltd,atvprojects,aundefaze,aundefazet,aundeind,aurangpaper,aurionproso,aurobpharma,aurolab,auromacoke,aurumsoft,ausoment,austinengg,australcoke,autoaxles,autocorgoa,autoind,autolitei,automotives,autoridfin,availablefi,avantelltd,avantelsoft,avanteltd,avantifeeds,avayaglobal,avcottex,aventisph,averyindia,avivainds,avoncorp,avonorganic,avonweigh,avtnatural,axelpolymer,axisbank,axiscapital,axisft17qd,axisft18gp,axisft22dp,axisft22qd,axisgold,axititltd,axoninfotec,axtelindus,aztecsoftl,b2bsoft,babaarts,bacilpharma,baffineng,bafnapharma,bafnaspgmi,bagadiacolo,bagalkotudy,bagfilmed,bagfilms,baidleasing,bajajauto,bajajautof,bajajcorp,bajajelect,bajajfinse,bajajhindlr,bajajhindlt,bajajsteel,bajaufinwar,bajautfincd,bajfinance,bajhinsug,bajholdinv,balajiamine,balajidist,balajitele,balarpurind,balasore,balasteel,balatecgl,balatechno,balatecind,balkrishind,ballawvan,balmerlain,balmerlawri,balpharma,balramchini,baltd,balurghatte,bambinoagro,bampslsecur,banarasbead,banasfin,bancoprod,bang,bankbees,bankmaha,bankofindi,bankofraj,bannariaman,bannariamma,banswsyntex,barakvall,barclays103,barclays106,barclays109,barclays11,barclays113,barclays115,barclays118,barclays122,barclays124,barclays125,barclays128,barclays129,barclays130,barclays132,barclays133,barclays16,barclays162,barclays177,barclays20,barclays25,barclays31,barclays32,barclays38,barclays64,barclays66,barclays72,barodaextr,baroninfo,bartronicsin,basantagro,basfindia,basilinf,bataindia,batliboiltd,bayercrop,bayerdiagno,bbrealty,bcbfinance,bccfinance,bccfuba,bclforging,bdhindus,beckonsind,bedmuthain,beeyuoverse,belapurind,bellarystee,bellceramic,bemcohydrau,bemlltd,benareshot,bengaltea,benglaasm,benzopetin,bergerpaint,bervininv,beryldrugs,berylsecur,bestcrompt,bestehotel,betalaglobl,betexindia,bfinvest,bflwarrant,bflygandhi,bfutili,bgilfltec,bglobal,bgrenergy,bhageriadye,bhaggas,bhagirachem,bhagriengg,bhagwandasm,bhagwatiaut,bhagwatiban,bhagwatigas,bhagwatioxy,bhagyainl,bhagyashree,bhagyawood,bhandaricon,bhandarihos,bhandariudh,bhansalieng,bharatbhush,bharatbijle,bharatelect,bharatferti,bharatforge,bharatgears,bharatpet,bharatraps,bharatseats,bharship,bhartiartl,bhartiyaint,bhatindach,bhearthmov,bheemacem,bhel,bhilwarasp,bhilwaratex,bhilwratec,bhimmunbio,bholanathin,bhorukaalu,bhrkstser,bhurukagas,bhushanst,bhushsteel,bhuwalkast,bidl,biharcaustc,biharsponge,bihartubes,bilcareltd,bilcontine,bilenergy,bilpowerltd,bimetalbear,binanicem,binaniind,bindusyn,binnyltd,bintexprp,bioconltd,biofilchem,biogreeni,biopacindia,biowhgoind,birlacap,birlacorpn,birlacotsyn,birlaeric,birlakenna,birlapacific,birlapower,birlapretec,birlatrans,birlavxllt,birlmctol,birshledu,bisilplast,bisleriguj,bitsltd,bkduplex,bkvindustrs,blarosind,blazonmarbl,blbltd,blchiptex,blissgvsph,blkashyap,bloomdekor,bloomindust,blowplast,blsinfote,bluebirdi,blueblfin,bluechipi,bluechipsto,bluecircle,bluecoast,bluecoasthl,bluedartex,bluestar,bluestarin,bmbmusic,bnanjient,bnkcapital,bnkofbafi,bnkofbarod,bnkofindia,bnrathise,bnrudyog,bociltd,bodalcemwar,bodalchem,bodalncps,bombaybarod,bombayrayon,bombpotter,bomburmah,bomcycle,bomdyeing,bomoxygen,bompaints,bomswastor,bongaigaonr,boraxmorarj,borosilglas,boschchasy,boschltd,bplltd,brabourne,bradymorris,brahmainf,brahmanand,brakesauto,brandhouse,brandreal,brawnbio,brawnpharma,brelsinfo,bresconcorp,bridgesecur,brigade,brightbros,brijlaxmile,brilliantse,brindabanho,britaniaind,britaniancd,broadcast,brookslabs,brushmanind,bseinfra,bslftpdjg,bslftpedg,bslgoldetf,bslltd,bstranscom,burnpur,bwllimited,bykehosp,cablecorp,cadilahealt,cairnind,calcomvisio,californsof,calsltd,calsrefltd,cambridge,camexinterm,camexltd,camlinfine,camlinltd,camphall,camsolu,camsonbio,canarabank,canfinhomes,cantabil,capitaltrus,caplinpoint,capmanfin,capricorn,caprihans,carborundum,careerp,careerpoint,carnationin,carnationnu,carolinfo,castrol,cattechn,catvisionpr,cbilr,cc50,ccapltd,ccconstr,cclinter,cclproducts,ccsinfotech,ceatlimited,cebbco,ceejayfinan,ceekaydaik,ceenikexpo,ceetaind,celebrityfas,celestial,celestlabs,cellulosche,cenlubindus,centbop,centenialsu,centralbk,centralrly,centronind,centrumcap,centumelec,centuryenka,centuryext,centuryply,centuryport,centurytext,cerasanitar,cerebrainte,cescltd,cflcapital,cgimpex,cgvaksoftw,chakkilamin,chamanlalse,chamatkarnt,chambalfert,champagnein,champagnevi,chandnite,chandnitext,chandraprab,chandrikatr,channelguid,charmsindus,chartercar,charteredca,charterlogis,chddevltd,chembondchm,chemcel,chemfabalk,chemopharma,chemplastsa,chennaipet,cheslindtex,chettinadps,cheviotco,chhattind,chiinvest,chisel,chitraspin,chlltd,choiceinf,choiceint,chokhanisec,chokshinfo,choksiimag,choksilabor,choladbs,choladbswar,cholafin,chordiafood,chowgulest,chromaticin,cibaindia,cibaspec,cignititech,cilnova,cilsecurits,cimmco,cimmcobirla,cindrellafi,cindrellaht,cinemaxind,cineradcomm,cinevistaas,ciplaltd,circuitsys,cistrotele,citadel,citiportfn,citurgiabio,cityman,cityunion,cityunionpp,cjgelatin,ckoramaacem,clarichem,clarislife,classdiam,classicbio,claurs,clioinfotec,clutautopp,clutchault,clutchauto,cmahendra,cmcltd,cmifpe,cmiltd,cmmbroadcas,cmmhospital,cniresltd,coalindia,coastalroad,cochinmala,cochinmin,colgatepalm,colinzlabor,colorchips,comfortinte,commextech,commitmentc,compactdisc,competentau,compuageinf,compucomsof,compulearn,compusystem,computechin,computerpnt,computerskil,conarteng,concurinfr,confidence,confipetro,consolconst,consolfibre,consolsec,containcorp,contechsoft,conticontrl,contililtd,continencre,contpetro,controlprnt,coralhub,coralifin,corallab,coralnewspr,cordscable,coreedutec,coreemball,coreproject,coroengg,coromafert,corominter,corpnbank,corporcour,cosboardind,coscoindia,cosmoferr,cosmofilms,countryclub,countrycond,coventrycoi,coxkings,cpecltd,cranessoftw,cranexltd,cravatex,crazyinfote,creativeeye,crehpl14311,cressandaso,crestanim,crewbos,crisilltd,crmfgetf,croitre,cromptgreav,cronimet,crystalsoft,cssoftware,csstech,cubextubing,cubicalfin,cumminsi,cupidltd,cupidtrade,curatech,cybeleind,cybermate,cybermedia,cyberscapem,cybertech,daawat,daburi,daburpharma,daggerfrost,dahyabhai,daiichikar,daikaffilch,dailryfield,dalalstinv,dalmiabha,dalmiacemen,dalmiasug,dalmicement,damodarthr,danlawtech,datamglob,datamtech,datanetsys,datasoftapp,daulatsec,dawnmills,dazzelconfi,dbcorp,dbintstbr,dbrealty,dcmfinancia,dcmltd,dcmshrcon,dcmshrind,dcwltd,decancement,deccanaviat,deccanbear,deccanchr,deccangold,deccanpolyp,decolightce,deepakfert,deepaknitr,deepakspinn,deepinds,deltacorp,deltamag,deltoncable,deltronltd,denabank,denisonhyd,dennetwork,denora,densoindia,depaknitwar,deshrakshak,devakihosp,devcrbank,devikaprot,devineimpe,devkileas,dewanhfin,dfmfoods,dgpsecur,dhampuresgr,dhampursuga,dhamsugar,dhanadacol,dhanagri,dhanalakbnk,dhanalcotex,dhandapanif,dhanjeevan,dhanlxmifab,dhanprayog,dhanrotosp,dhanukapest,dhanustech,dharamsichm,dharanifin,dharanisug,dhartextile,dhootifin,dhootindust,dhpindialt,dhruvacap,dhruvestate,dhuninv,dhunseritea,dhvanilchem,dhwelding,diamant,diamantinv,diamineschm,diamondcabl,diamonpower,dianateaco,dicindia,digjamltd,dilltd,dineshallor,dion,disaindia,dishmanphar,dishtv,dishtvpp,divislab,divyagranit,divyajyotii,djsstock,dlflimited,dlinkind,dlinkindia,dmcedu,dmcinter,dmcvaults,dolatinv,dollexind,dolphinmedi,dolphinoff,donearind,doversecur,dptl,dqent,dragareye,dredgingcor,drreddyncd,drreddys,drwellmans,dskulkarni,dsp12m21d,dsp6ms11d,dujodpapch,dujodwprod,dukeoffshor,duncansindu,dunlopindia,duropack,dutronpoly,dwarsugar,dwsfts43ig,dwsfts43rd,dwsfts43rg,dwsfts50ad,dwsfts50ag,dynaconssys,dynamattech,dynamicind,dynamicport,dynemicpro,eastcsteel,easterngas,easternsug,easterntred,eastersips,easunreyrl,eceindustrs,ecl03jul08,ecl05jun08,ecl05may08,ecl06aug08,ecl08mar08,ecl09jul08,ecl11feb11,ecl11mar11b,ecl12jun09,ecl15jul08,ecl21dec10,ecl22dec10,ecl27may11f,ecl28feb11,ecl30,ecl30apr10,ecl30mar10,ecl30sep10d,ecl33,eclerx,ecoboardin,ecominfote,ecoplastltd,ecoreco,edel01jan9c,edel19feb9g,edel27jan09,edel29apr9a,edel30jan09,edelf2g905,edelg2h902,edelj2k902,edelj2k904,edelj2k908,edelj2k910,edelk2k915,edelweiss,edelweissca,edlsrf2f901,edservsoft,educompsoln,efs02dec08,efs03jul08,efs05jun08,efs06aug08,efs08aug08,efs09jul08,efs15jul08,efs18jul08,efs28aug08,efs29sep08,eicherltd,eichermotor,eidpar,eihassohot,eihlr,eihltd,eimcoelecon,ekamleasing,elangoindus,elantas,elcidinv,eldecohous,elderhealth,elderpharma,elderproj,eleccasting,eleconeng,electrafin,electrosteel,electrotherm,elegantflor,elegantmarb,elforgeltd,elgiequip,elgiequipp,elgifinance,elgirub,elgitradps,ellenbarrie,ellorapaper,elnettech,elprointer,elpropackin,eltrolltd,emaindia,emamiinfra,emamiltd,emamipaper,emcoltd,emgeecables,emkayglobf,emkayshare,emmbipoly,emmessarbio,emmsonsint,empeedist,empeesugars,empireind,emporis,empower,empowerind,emtexind,encoresoft,energydev,enginrsi,englishicl,englishindi,enkeicastal,enkeiwheel,ennorcokwar,ennorecoke,ennorefound,enrichind,ensasteel,ensosecut,entegraltd,enterprinte,entnetwork,envainelect,eonelect,eonoursoft,epcindus,epicenergy,epicenzymes,epsompro,eraconstruc,erafini,erainfra,erosmedia,erpsoftsys,esaariltd,esabindia,escortfinan,escortsltd,escortsscd,eskayknit,essaroil,essarsecu,essarship,essarsteel,essarstps,essdeealum,esselprop,essensupple,esskaytele,estarinfot,esterindus,etcnetwork,eurekaind,euroceramic,eurofinmart,euroledarf,euromulti,eurotexind,evereadyi,everestinds,everestkant,everlonsyn,everonn,everonnsys,evinix,excelcrop,excelglasss,excelindust,excelinfo,exedyind,exeloninfra,exideind,explicitfin,expogas,expogascon,extolcomm,ezcommtra,facoralloys,facorsteels,factenterp,fagbearings,fairdealfil,fairfieldat,falcontyres,fameindial,farmaxind,farmaxret,farryind,fasttracke,fazethreel,fcioenconn,fcssoftware,fdclimited,fdcltd,fedderllyod,federalbank,federalbklr,fedmoggoe,femcareph,fenoplasltd,ferroalloys,fertcheps,ferventsl,fftf16bgr,fgpltd,fiberwbin,ficomorg,ficonlease,fieminds,filatexindi,filatfash,filmcitymed,finalysiscr,financtec,finavent,finelineci,fineotexch,fineyesi,finolcable,finolexind,firstcusto,firstfin,firstleasin,firstobj,firstwin,fischer,fkonco,flatproduct,flawlessdia,flexfoods,flexindus,flexituff,fluidomat,fomentohote,foodsinns,forbesco,forbesgokak,forcemotr,fortis,fortisfin,fortishealt,fortismlr,fortiswarr,fortunefin,fosecoindia,foundryfuel,foursoft,fourthgen,freshtropfr,frontbuss,frontierinf,frontierspr,frontlcorp,frontleas,frontsec,fsl,fulfordi,fusionfitt,futsol,futurapoly,futurasec,futurecap,futurevent,gabrieli,gagangases,gaganpolyco,gaililtd,gajrabevel,galadatele,galaxyagric,galaxyenter,gallanmetal,gallispat,gammainfow,gammonindia,gammoninfra,gandhihotel,gandhimappl,gandhinagle,gandhisptu,ganeshbenzo,ganeshecosp,ganeshforgin,ganeshhsg,ganeshpoly,gangotriiro,gangotritex,ganontrad,gardensilk,gargfurnace,garnetconst,garnetintl,garodiachem,garwamarine,garwarepoly,garwarewall,garwaroff,gatewaydist,gatiltd,gayatribio,gayatriproj,gayatrisugr,gayatritiss,gcvservices,gecaptrans,geecee,geeceeven,geeelwool,geefceefin,geekayfin,geeltd,geihamonin,geiindsys,geminicommu,gemspinners,gemstoneinv,genesysint,geniuscommu,gennexlab,genusoverse,genuspower,geodesicinf,geodltd,geojitbnp,geojitfin,geometricl,geometsofso,gflfin,ggdandekar,ghclltd,gichousing,gienginerg,gillaarbut,gillettei,ginisilkmi,ginnifilps,girdharsug,gitanjalige,givoltd,gkbophtha,gkconsult,glancefin,glaxosmith,glaxosmithkl,glenmarkpha,glhotels,glittekgran,globalbroad,globalcap,globalland,globaloffs,globalsec,globalvect,globsyninf,globuscon,globuscorp,globusspr,glodynetech,glorypoly,gloster,glosterjute,gmbreweri,gmetcoal,gmmpfaudler,gmrferro,gmrinduslt,gmrinfrastr,gnrl,goacarbon,godavaridru,godavfeps,godawaripow,godfreyph,godrejcomm,godrejcons,godrejconsu,godrejind,godrejprop,goenkadiam,gogiacap,gogiaisec,gokaktexti,gokaldas,gokulrefoil,goldbees,goldcrestfn,goldencarpe,goldengoen,goldenlamin,goldensecur,goldentob,goldiamint,goldleglea,goldmines,goldrockinv,goldstinfra,goldstntele,goldstoneen,golechaglob,golkundadia,gomtifinlea,gonterpeip,goodluckst,goodricke,goodyeari,gopalapoly,gopalirons,gopleeinfot,goraniindus,gothiplasco,govindjitri,govindrubb,gowraleasng,goyalasso,gpelectron,gppl,gptinfra,grabalalok,grabalalps,grandmatrad,granulesi,graphitein,grasimind,grasimsl,gratexinds,grauerweil,gravisshosp,gravita,gravityi,grcables,greateaste,greatoffsh,greavescott,greavesmorg,greenlinete,greenplyind,greenplywar,greenpower,gremacinfra,greycells,greycellsen,griffinchem,grindnorton,grmoverseas,gruhfinance,gsautoint,gsbfinance,gsliltd,gslnova,gslsecur,gssamerica,gssinfotech,gtcind,gtechinfo,gtlinfrast,gtlltd,gtnindus,gtntextile,guficbiosc,gujalkali,gujambcem,gujambexp,gujapoind,gujapolloe,gujautoge,gujborosil,gujcapital,gujcarbon,gujcotex,gujcraftin,gujflouro,gujfoils,gujgascomp,gujhotels,gujinctele,gujindpow,gujinjk,gujintrux,gujinvesta,gujjhmhot,gujlease,gujmeditech,gujmineral,gujnarflya,gujnarmada,gujnrebndvr,gujnrecoke,gujpetro,gujpetronet,gujpolyavx,gujraffia,gujratglas,gujreclaim,gujsidhcem,gujstatfin,gujstfert,gujterclab,gujthemis,gujtoolroom,gulfoilcor,gulshanchem,gulshanpoly,gulshansch,guptacaint,guptasynth,gvfilms,gvkpowerinf,gwaliorchem,gyandevelop,gyscoal,haldynglass,halonix,haniletex,hanjerfibre,hanungtoys,hardcastle,harfibres,harfincorp,hariaexport,harigcrank,haritaseat,hariyanash,harleather,harleystph,harmonycap,harringtons,harrmalayal,harvcicman,haryacapfin,hastifinanc,hathwaybhaw,hathwaycab,hatsunagro,havellsind,havellsindia,hawkinscook,hazmulpro,hazoormedia,hbestatede,hbleaspub,hblpsys,hbportfolio,hbstockhol,hclinfosys,hcloffice,hcltechno,hdfc,hdfcbank,hdfcmfgetf,hdfcwar,heeraispat,heglimited,hegltd,heidelcem,heliosmat,hellaind,henkelindia,herchoists,heritagefoo,herohonda,heromotoco,hesterbisc,hesterpharm,hexatradex,hexawaretec,hfclinfotel,hfeb18mg20,hgsl,highenergy,highstreet,hikalltd,hillockagro,hiltonmet,himachalfut,himadrichem,himalayagr,himalayaint,himatseide,himfibres,hinafili,hindalco,hindalcopp,hindalumin,hindcomposi,hindconstn,hindcopper,hinddorr,hindeverest,hindfluroca,hindhardy,hindindustr,hindlever,hindmills,hindmotors,hindnatgls,hindoilexp,hindoospin,hindorgchm,hindpetro,hindrect,hindsanitar,hindsyntex,hindtinwrk,hinduadhesi,hindujafi,hindujafoun,hindujatmt,hindujavent,hindunilt,hindustnbio,hinduszi,hingirrampu,hinvdir,hipolinltd,hiraferro,hiranorgoch,hisarmetps,hisarspin,hitachihome,hitechgear,hitechplast,hitkarifib,hitkitglob,hittcotools,hkfinechem,hmtltd,hmvl,hngsngbees,hondasiel,honeywell,hotelleela,hotlineglas,hotlinetele,housingdev,hovservices,howardhotel,hpcotton,hsil,hsiltd,htmedia,htmtglobal,hubtown,hudco050322,hudco050327,hultapharma,hyderflextc,hydindus,hydross,hydrossfi,hytonetexst,iagcoltd,ibinfotech,ibn18,ibn18pp,ibpco,ibretails,ibrightst,ibsecuritie,iciapr08tsb1,icibk,icicibank,icicibankpp,iciciprugetf,iciindia,icimar11tsb1,iciribsept07,icnetltd,icra,icsaind,idbibankl,idbigold,idbiitsfl23a,idbiltd,ideacell,idealoptics,idfcbd1sr1,idfcbd1sr2,idfcbond1,idfcbond2,iecedu,iecsoft,ifbagro,ifbindltd,ifbsecurits,ifci010811,ifci010811b,ifci010811c,ifci010811d,ifci150910a,ifci150910b,ifci310111a,ifci310111b,ifci310111c,ifciltd,ifcisr53,ifcisr54,ifglrefract,iflexsolut,iflprmoter,ifslltd,igarshimot,igateglobal,igpetro,iidforgng,iifcl20mar9,iifcl22jan9,iiislncdi,iiislncdii,iiislncdiii1,iiislncdiii2,iil,ikabsec,ikffinance,ikftechno,ilfsengg,ilfsinve,ilfsinvtsm,ilfstrans,impex,imppowers,inanimarble,inanisec,incafinleas,incapfin,incapltd,inconengg,indacrylics,indageres,indagevin,indagivcomm,indagrubber,indbankhsg,indbankmer,indbullwsl,indbulreal,indcapfinan,indcard,indcemcap,indergirifn,indfoils,indglycols,indhotelncd,indhotelwar,indhumepip,indiabpower,indiabulls,indiacem,indiacoven,indiagelat,indiahome,indiamotor,indianbank,indianextr,indianhotel,indianinfo,indianippon,indianiveh,indianmet,indianoil,indianover,indianovers,indiansucro,indinfoline,indinfra,indleasdev,indlinkchai,indoamines,indoasian,indoasianp,indoasifu,indoasnfin,indobonito,indoborax,indocasmul,indocityin,indocorem,indocount,indocountfi,indocredit,indogreen,indokemltd,indopacific,indorama,indosolar,indotechtr,indothai,indozinc,indragas,indraprast,indrayanibi,indresort,indsecurity,indsilelsml,indsilhyd,indsorganic,indswiftla,indswiftlt,indterrain,indtoners,indtradeco,inductostl,indujenert,indusfila,indusfin,indusindbk,indusindbnk,indusinvtr,indusnetwor,indusprud,ineabsl,infinite,infodrives,infoedge,infomedia,informedtec,infosysltd,infosystech,infotechen,infotreksys,infradevfin,infraindus,infronics,ingersoll,ingvysyaba,ingvysyabn,inhouprod,innocorpl,innoinvest,innovafood,innovind,innovmarine,innovsecur,innovsoftw,inntechpac,inoxleisure,insectcid,insilcoltd,insulelect,insutechi,intconveyor,intdataman,inteccap,intecsec,intedigital,integfinanc,integfinse,integproein,integracap,integraeng,integrahind,integrahite,integraind,integtech,intellcap,intelvisions,intensivair,intenstech,intercombus,interdiamon,interdigi,interfacefn,interfittec,interglobf,interhsgfi,interlinkpe,interstfin,interstoil,intertravel,intlhometex,intrainfote,intrasoft,inusvista,inventure,investprec,invictamed,invinexlab,inwinexph,iolbroadband,iolchemph,iolnetcom,ionexchange,ipcalabltd,ipcl,ipowersols,ipringsltd,iprufmp36ad,iprufmp36ag,iqinfotech,iqmssoft,irbinfra,irismedia,ishandyes,ishitadrugs,ishwarbhuv,isibars,islconsult,ismtltd,ispatcrp10,ispatcrp12,ispatinds,ispatprsh,istltd,iswltd,itcltd,itdcem,itiltd,itlindustrs,itpeople,ivpltd,ivrclah,ivrclinfras,ivrclltd,ivrprime,iwindenergy,iykothitec,jaganlamps,jagatjitind,jagjanani,jagranprak,jagsonairli,jagsonfin,jagsonphar,jaibalaind,jaibalajis,jaicorpltd,jaihindproj,jaimataglas,jaincoproj,jainex,jainirrig,jainstudios,jaipanindus,jaiparsprg,jaipra,jaiprakasso,jaisalsec,jalanmetall,jalpacindia,jameshotels,jamnaauto,jamshriranj,janicetext,jarigoldtex,jaschindust,jatiafinanc,javelintech,jayanagog,jayantagro,jayantmerc,jayaswalnec,jayavantpro,jaybharatex,jaybhcredit,jaybhmaruti,jayenergy,jayhindsyn,jaykay,jaynecoind,jaypeehops,jayshreetea,jayshrichem,jaysndyest,jayushin,jbchemical,jbfindltd,jbmauto,jcopoccrps2,jcopoccrps3,jctelectron,jctltd,jdorgochem,jenburktph,jensonnich,jetairways,jetinfotran,jeyporesugar,jhagadcop,jhantlainv,jhavericred,jhaveriweld,jhavflexo,jhssven,jhunvans,jikindus,jindalcap,jindalcotex,jindaldrill,jindalhotl,jindalonlin,jindalph,jindalphoto,jindalpolyf,jindalsaw,jindalsouth,jindalstain,jindalste,jindalworld,jislbndvr,jjexporter,jjfinance,jkagrigen,jkbank,jkcement,jkdairyf,jkinvesto,jklakshmi,jkpaper,jksugarltd,jksynthetic,jktyreind,jkumarinfr,jlmorison,jmaindus,jmcprojects,jmcprowarr,jmdtelefilm,jmfinancial,jmgcorpltd,jmtautoltd,jogengltd,joindrecapi,jollyboards,jollyplast,joonktollee,jostseng,joyrealty,jphydropow,jpinfratec,jppower,jptsecur,jrcindus,jrfoods,jrgsecur,jriiil,jsl,jslltd,jsw10crp,jswenergy,jswispat,jswsl,jubilant,jubilantorg,jubilntind,jublfood,jumbobag,juniorbees,jupiterbios,jupiterlea,jvlagro,jyothiinfra,jyothylab,jyoticosmet,jyotiltd,jyotiover,jyotiresins,jyotistncd,jyotistruct,jyotistwarr,kabradrugs,kabraextr,kachchhmin,kadambconst,kadvanisec,kailashfico,kairacanco,kaiserpress,kajariacer,kakatiyacem,kakatiyatex,kaleconsul,kalefilms,kalindeerai,kallamspg,kalpanaind,kalpapower,kalpena,kalplastik,kalptaru,kalyaniforg,kalyaniinv,kalyanistel,kalyanpurce,kamadgiri,kamadgirisy,kamaholding,kamanhsg,kamathotels,kamdhenu,kamladials,kananiind,kanchanint,kancoenter,kandagirisp,kaneloilexp,kanikainfo,kanishkst,kanoipaper,kanoriachem,kanpurplast,kansainero,kapashicomm,kappacphar,karanwoosn,karbanklr,karmaenerg,karmaisp,karmobiles,karnatakabk,kartikinv,karunacable,karurkcppk,karurvyps,karutnetl,karuturiglo,kashyaptech,katarespg,katwaudyog,kaushalinfr,kaveriseed,kaveritele,kayceeind,kaypowpap,kaypulppap,kbscapital,kbsindia,kcbokadia,kcclplastc,kcpltd,kcpsugarin,kddlltd,kdhandapani,kdlbiotech,kecinfra,kecintern,kediachem,kediaconst,kediainfote,keerthi,keiindust,keltechen,kemistar,kempco,kemrockind,kenfinser,kennametal,keralaayur,keralaayurv,keralachem,kernexmicro,kesarent,kesartermi,kesoramind,kewalkiran,kewindustr,keycorpltd,keynotecorp,kfa,kgdenim,kgnent,kgnindltd,kgpetrochem,khaitanchem,khaitanelec,khaitanindi,khaitanwvg,khandwalase,khatorfibre,khodindia,khodiyarind,khyatimulti,kicmetaliks,kidujaind,kidujaindia,kilburnchem,kilburnengg,kilburnoffi,kilitchdrug,kilpesti,kineticeng,kineticmoto,kinetictrus,kingsinfra,kiranprint,kiransyntex,kirferrowar,kiridyes,kirlbros,kirlferrous,kirlindus,kirlinvest,kirloferrlr,kirloileng,kirlosarpn,kirloskar,kirloskarel,kirtifinves,kisanmould,kitexgarmen,kjmcfin,kjmcglobal,klgcapital,klgsystel,klifestyle,klkelec,klrfltd,kmcshil,kmfbuilders,kmil15jul08,kmil16sep08,kmil18sep08,kmil26sep08,kmilsrvii,kmilsrviii,kmpl151010a,kmpl21jan11,kmpl220110c,kmplsrn0909,kmplsrn0910,kmsugarmill,knrconst,koatoolin,koffbrpict,kohinoorbro,kohinoortec,kohinorfoods,kojamfinves,kokuyocmln,koltepatil,konarksyn,konkantyres,kopranltd,koshaccont,kosianindus,kotakgoldetf,kotakmahbk,kotaknifty,kotakpsubk,kotaksec16,kotaksec23,kotaksensex,kotawalai,kothariferm,kotharifin,kothariprod,koutonsret,kovaimedi,kovillmill,kpitinfosys,kprmill,krblltd,krebsbiochm,kreonfin,krishfilam,krishnadeep,krishnaferr,krishnalife,krishnaven,kritiindus,kritinutri,kronecomm,kryptonind,ksbpumps,kselimited,kserasera,kskenergy,kslind,ksoilsltd,ktfmp370bd,ktkfmp32g,ktkfmp46g,ktlinds,kulkpower,kumbhatfin,kunststoffe,kushagrasof,kushalsoft,kutchsalt,kuvamintl,kwalitycred,kwalitydair,kzleasfin,lactosei,ladderupfin,laffanspetr,lahotiover,lakelandhot,lakhmicot,lakshmielec,lakshmimach,lakshmimill,lakshmiover,lakshmiprec,lakshmivila,lamansiong,lambodharat,lamercapp,lancoglobal,lancoindus,lancoinfra,lancorholds,landmarclei,landmrkpro,lanxessabs,laopalarg,larsentou,laserdiamon,laserdot,lawreshwar,laxmiautolm,leadfinanc,ledoteaco,leeneesoft,leshaener,leshaind,leshasteels,lewaterina,lgbalkrish,lgbforge,lgsglobal,libertyphos,libertyshoe,libordinfo,libordsec,libordssec,lichousfin,lifelinedru,lifestylefa,limechem,linaksmicro,lincolnphar,lincpenpl,linearpoly,linkhousein,linkpharma,linksoni,lippisystem,liquidbees,livingrooml,lkpfin,lkpmerfin,lloydelect,lloydmetal,lloydsfin,lloydsmete,lloydsteel,lmlltd,lnpolyester,lntf2010ai,lntf2010aii,lntfh,logixmicro,lohiasecuri,lokeshmach,lokhouscon,longviewtea,lordschem,lordschloro,lordshotl,lotteicorp,lotuschoc,lotuseye,lovable,loytexmill,lsind,ltfinncdi,ltfinncdii,ltfinncdiii,ltfinncdiv,ltinf9122ii,ludolowjute,lumaxauto,lumaxind,luminairete,lupinltd,lwsknitwear,lykalabs,lynxmach,m50etf,maanalu,maarssoft,maccharles,machinoplas,macmillanin,mactrading,madanfin,madhavmarb,madhuconprj,madhurcap,madhurind,madhusind,madhussec,madhyadesh,madrasalum,madrascem,maestrosme,mafatlalind,magicuttool,magmafin,magmaleasin,magnaelectr,magnumltd,magnumvent,magshrfin,mahaanfoods,mahacorp,mahaelektro,mahaindusl,mahalaxmism,mahanind,mahapolybut,maharajashr,maharubtech,mahasagartr,mahasteel,mahatele,mahaveerinf,mahavirimpe,mahendpetro,mahholiday,mahincomp,mahindforg,mahindrage,mahindralife,mahindugine,mahmah,mahrasapex,mahscooter,mahseamless,maikaalfib,maithanall,majesticaut,makerslab,malabartrad,malarhosp,malupaper,malwacotton,manaksialtd,manalipetro,manalumin,manapfin,manappuramg,mandhana,mandrugorg,mangalamcem,mangalamtim,mangalven,mangalyasof,manglrchem,manindi,maninfra,manipalfinp,manjeera,manjushre,manjushree,manojhsgfi,manrajhsgf,mansifinanc,manugraphin,maproind,maralovers,marathoncrp,marathonnex,marathrefra,mardiasamyg,margconstru,margltd,margofin,margproin,maricoltd,marigoldgla,marketcreat,marksans,marmagoast,marsons,martinburn,marutiinfra,marutisec,marutisuzuk,marutiudyog,marvelcapit,masconglob,mastekltd,mastermulti,mastertrust,matherpla,matherplat,matherpum,matheweasow,matrarealt,matrixlabor,mavensbio,maviind,mawanasugar,maximaasyst,maxindia,maxwel,maytasinfra,mayurfloor,mayurleathr,mayuruniq,mazdaltd,mblinfra,mbparikh,mbswitch,mcdholding,mcleodrusse,mcnallyb,mcsltd,mcxltd,mediamatrix,mediaone,mediavideo,medicamenbi,medicaps,mefcomagro,mefcomcapit,megacorpn,megasoftltd,meghmani,meglon,mehtahousin,mehtaifin,mehtasecur,melstarinfo,menonbear,menonpiston,mercator,mercatorlin,merckltd,mercurymeta,metalcoatin,metalmanind,metkore,metrocheind,mewarindus,mewarpolytx,mfinncd1a,mfinncd1b,mfinncd1c,mfinncd1d,mfinncd1e,mfinncd1f,mfinncd2a,mfinncd2b,mfinncd2c,mfinncd2d,mflindia,mflncd1,mflncd2,mflncd3,mfsintrcrp,mgold,mhmillsind,micelectron,micoltd,microforge,microinksl,microsecfin,microtecho,midaspharma,middaymult,mideastpor,midfield,midindiain,midlandpoly,midpointsof,midvalent,midwestgold,mileglobal,milkfood,millarsindi,millencyber,millenniumb,miltonplast,minalengg,minalind,minaxitext,mindaind,mindtecki,mindtree,mindtreeltd,mindviscap,mineralmetl,minidiamond,minoltafin,mircelect,mirchmirex,mirzainter,mittalsec,mkexim,mmfinanser,mmforgings,mmrubber,mobiletele,modellawool,moderndairi,modernindia,modernshare,modernsteel,modinatural,modipon,modirubber,modisonmet,mohitindus,mohitpaper,moilltd,moldtektec,moldtkpack,moldtkpla,monetsugar,moneymatf,moneymawr,monneispat,monnetind,monnetispat,monotonasec,monotypeind,monozymei,monsantoi,moonbeamind,moongipacap,morarjetex,morarkafin,morepenlab,morgancru,morganind,morganstanl,morganvent,mortextwarr,moryoind,moschipsemi,moserbear,mothersonss,motilalofs,motorgenfi,mounteveres,mounttrad,mounttshiv,movingpips,mpagroind,mphasisltd,mpilcorpl,mpsltd,mrfltd,mrotekltd,mrpl,mrplncrps,mskprojects,mspsteel,msrindia,mteducare,mtzpolyfilm,muditfinlea,mudra,mukandengg,mukandltd,mukatpipes,mukeshbabu,mukeshsteel,mukeshstrip,muktaarts,mukundaind,mukundcrps,mullerphi,multiarc,multibasei,multiplhold,munauto,mundraport,munjalshowa,munothcap,munothfin,munothinves,murdceram,murliind,murliindu,muskanferro,muthootcap,muthootfin,mvlind,mvllimited,mwtexx,my,myfairlady,mymtechno,myscements,mysorepaper,myspetro,n100,nabard01048,nabard01908,nabard10109,nabard10209,nabard10309,nabard10808,nabard10810,nabard11008,nabard11108,nabard11110,nabard11208,nabard2i1,nabard2i2,nabard2j2,nabard2j3,nabard31039,nabardbnb2h,nabardsr2d1,nabardsr2d2,nachmoknitx,nagaragrich,nagaragrite,nagarconst,nagarjfert,nagpurpower,nagreekaexp,nagrekacap,naharcap,naharexport,naharindust,naharinvest,naharpoly,naharspg,nakoda,nakodatext,nalinlease,nalwasons,namcredit,nandanexim,narbada,narendrapro,narmadacpe,narmadagel,natalum,natcopharm,natcopharma,natflask,nathpulp,nathseeds,nationalfer,nationalgen,natioxygen,natmineral,natperoxide,natplastic,natrajfin,natrajprote,natstlagro,naturahuec,naturalcaps,navbharven,navcomind,navinfluori,navkarbuild,navneetpubl,nbccltd,nbfootwear,ncc,nccfinance,ncjinternat,nclind,nclresearch,ndasecurit,ndl08jun10,ndmetal,ndtv,nectarlife,neelamalai,neelkanthro,neelkanthte,neemtekorg,nehainter,nelcast,nelcoltd,neocorpinte,neogemindia,neosack,nepcindia,nescoltd,nestlei,net4india,netflfinco,netlinksolu,nettlinxltd,netvis,netvistainf,netw18nccps,netw18pccps,netw18warr,netwofncap,networkltd,networthstk,neulandlab,newbombayp,newhorizon,newinfra,newmktadv,nextgent,nexxoftinfo,neyvelilign,ngindltd,nglfinechm,nhcfoods,nhncorporat,nhpc,niccocorps,niccoparks,niccoucoal,nichocrps,nicholaspir,nidhigranit,niftybees,niharinfo,niitltd,niittech,nijjeragro,nikhiladhsv,nikkiglobal,nilainfra,nilchemcap,nilchemind,nileltd,nilkamall,nimbsproj,nimbusfood,nimbusind,nippobatt,nirajcement,niravcommer,nirlon,nirmaltd,niryatsama,nissancoper,nitcotiles,niteshest,nitinalloy,nitinfire,nitinspinner,nittagela,nivyahitsl,niyatiind,nkindust,nmdcltd,nobleexplo,nocil,nocilltd,noidamedi,noidatollb,noidatolld,norl,northgatete,nouveau,nouveaumul,novagolpetr,novagranite,novaironst,novapanind,novapetro,novartis,nprfinance,nragarwal,nrbbearings,nrcltd,nrinterna,ntcindust,ntpcltd,ntwkmedinv,nucentfin,nuchemltd,nuclesofte,nucnetgis,numericpowe,nutechcorp,nutechgloba,nutekindia,nutrapluspr,oasismedia,oasissecur,obcsl,oberoireal,oceanagro,oceaninfra,oclindia,oclironst,octantind,octanttech,octave,octavinves,odysseycorp,odysseytech,oilcountry,oilindia,okplayi,olympic,olympicoil,omaxautos,omaxeltd,omegaagseed,omegaintera,omkaroverse,omkarpharm,omkarspc,ommetinfra,omniaxsso,omnitech,omnitexind,ondeonalco,onelifecap,ongccorpn,onmobglo,onmobile,ontrack,onwardtechn,opalindus,optocircuit,oraclefin,orbitco,orbitexport,orbitwar,orchidchem,organcomm,organiccoat,orginformat,oriconent,orientabras,oriental,orientalven,orientbever,orientcarb,orientceram,orienthotel,orientinfo,orientpaper,orientpapp,orientpress,orientref,orindexport,orintalbank,orionpaper,orisaspirs,orissamine,ortinlabs,oscarglobal,oscarinv,osianind,osianlpgbo,oswaloverse,oswalspgp,oswalyarns,otcointern,oudhsugar,oudhsugwarr,outctytrvl,oxfordindus,paceelecp,pacetextile,pachelient,pacificcots,pacificind,padamcotton,padmalayate,pageindustr,palcredit,palsoftinfo,panaceabiot,panaenerg,panamapetro,panasonbat,panasoncar,panasonhome,panasonicav,panchsheelo,panchsteel,panelectr,panindiac,pankajpiyus,pankajpoly,panoramuni,panpackagin,pantalbndvr,pantaloonin,pantaloonre,pantherindu,panyamcemen,paperprod,paraanltd,parabdrugs,paracosmet,paradyneinf,paragonfin,paral,paramountco,paramountpr,paraspetro,parekhplati,parentdrugs,parichayinv,parikhherb,parkeragro,parlesoftwr,parryagro,parrysugr,parshartiin,parshwahsf,parshwana,parsolicorp,parsvnath,parthalum,pasacrylon,pasarispin,passaricell,pasupatifin,patelairtem,patelengg,patidar,patintlog,patnicomp,patspinindi,paushakltd,pbainfrastr,pbmpolytex,pcstech,peacockind,pearlengpo,pearlfashon,pearlglobal,pearlpolyme,peeceecosm,peerlessaba,peetisecurt,penlandltd,pennaralum,pennarind,pennarsteel,pennindps,pentamedg,pentasoftte,pentiuminfo,pentokeyorg,perfcircle,perfectpac,permmagnets,persistent,petronengg,petronetlng,pfcbt1s1,pfizerltd,pflinfotech,pgelectro,pgfoils,pgindltd,pharmacomi,pharmaidsph,pharmasia,phcapital,philcarbon,phoenixint,phoenixlamp,phoenixmill,photoquipi,phytochemi,piccadilyag,piccadilysu,picturhouse,pidilite,piindusltd,pilaniinv,pioneeragro,pioneerdis,pioneeremb,pioninvest,pipavavdoc,pipavavship,piramahealt,piramalglas,piramlife,piramydretl,pithamppoly,pithampstl,pittilamin,pixtrans,plastiblend,platicorp,plethico,pmstrips,pmtelelinn,pnbgilts,pnbsl,pochirajuin,poddardev,poddarpigm,pokarnaltd,polarindus,polarisfin,polariss,polarissoft,polarpharma,polohotels,polychem,polyconint,polygentate,polylinkpol,polymechmch,polymedicur,polyplex,polyprofib,polyspinexp,polytexp,pondyoxides,ponnisuger,poonadal,poonamcorpn,popularest,porritsspen,porwalauto,powerfinan,powergrid,powersoft,prabhavind,pradeepmet,pradipovers,pragbosimi,prajayengs,prajindltd,prakashcon,prakashind,prakashstl,prakashwool,pramadafinv,pranavspin,pratibhaind,pratikpanel,pratikshach,praveenprop,precicontnr,precision,precisionel,precisionwr,premauelec,premcoglob,premiercap,premierener,premierexpl,premierltd,premierpoly,premiersyn,premiertyre,premiumcap,prernafinsa,prernainfr,preshamet,pressuresen,prestige,prettoleath,pricolltd,primaagrol,primaind,primaplasti,primefocus,primeinds,primeprop,primesecur,primetextil,primeurban,principphar,prismcement,prisminfo,prispinning,prithviinfo,prithvisof,pritimerc,pritishncom,priyaltd,priyathread,procalelect,proctergam,prodevtec,profincap,proinftec,promactplas,protoinfosy,provestser,provogueind,prranetaind,prudentlpha,psglobal,psidatasys,pslltd,psubnkbees,ptcfinser,ptcindia,ptlltd,pudmjeeind,pudumjee,pudumjeeagr,punalkali,punchem,puncommuni,puneetresin,punitcommer,punjabnatio,punjabnsind,punjabtract,punjlloyd,punwoolcomb,puravankara,pvpventltd,pvrltd,pyramidsaim,qflexcable,quadrant,quantumdig,quantumgold,quantumindx,quintegraso,raasient,raasirefrac,rabhaplasti,radaanmedia,radhamadhav,radhedevlop,radicokhait,radixind,raghavind,raghunathin,raghunathto,raghuvirsyn,ragsanpetro,rainbowfoun,rainbowpap,raincalcing,raincommodi,raipuralloy,raisahebrck,rajagromil,rajapamills,rajathfinan,rajdarshan,rajdhanilea,rajenmech,rajesfound,rajeshexpo,rajeshmalle,rajgaseslt,rajglowir,rajkamalsyn,rajkumarfrg,rajlaxmiind,rajoil,rajooengin,rajpackagin,rajrayon,rajshsugar,rajtele,rajtubemfg,rajvirind,rallisindia,ramanewspri,ramapaper,ramapetro,ramaphosph,ramapulp,ramavision,ramcoinds,ramcosystm,raminformat,ramkaashyap,ramkyinfra,rammaicai,ramratwire,ramsarupind,ramsonsproj,ranasugars,ranbaxylab,randercorp,ranebrake,raneenginee,raneengvl,raneholdin,ranemadras,ranjeevallo,rankinvsr06,rankinvsr07,rankinvsr08,rankinvsr09,rankinvsr10,ranklinsolu,rapicutcarb,rapidinves,rapmedia,rasandikeng,rasextru,rashelagro,rashtrchem,rasielectro,rasoiltd,rasoyaprote,raspropack,rasresorts,ratangli,rathibars,rathigraph,rathiispat,rathist,rathiudyog,ratnabalica,ratnamnimet,ratniinvco,raunaqauto,ravalgaon,ravikumar,ravinaytrad,raybansun,raymedlabs,raymond,rbgupta,rbn,rclfoods,rdbindustri,rdbrasayan,rdbrealty,readymadestl,realstrips,recltd,redexprotec,redington,refexrefrig,refnolresin,regalentert,regarealty,regceramic,regencyhosp,regencytrus,reiagrolr,reiagroltd,reilelec,reisixtenr,relaxofoot,relbanketf,relcap,relchemotx,relcomltd,relgoldetf,reliabven,reliance,relianceenr,reliancegold,relictechno,religareent,religaregold,religartec,religlobe,religtech,reliinfras,relindlinf,relinfra,relishphar,relmedia,relpet,remidiipl,remiedel,remielek,remimetals,remsonsind,renjewelery,renukasugar,reproindia,resonance,responind,resproinf,restilecer,resurgere,revathiequ,rexnordele,rflinternat,rflncdo1c2,rflncdo1c3,rflncdo2c2,rflncdo2c3,ribatextils,richaind,richaknits,richcapital,richirich,richirichag,richunv,ricl01nov07,ricoauto,ricohindia,ridhisidhi,ridssecur,rigasugar,rilnatres,risaintl,rishabfin,rishabhdev,rishabhdigh,rishabhyarn,rishilaser,rishipacker,rishiroopru,rishitech,riteshindus,riteshinter,ritproind,rjlwar1jun,rjshah,rkforgings,rlflimited,rmediawrld,rmmohite,rmmohitex,rnbowdenim,robinsonwor,rockhpetro,rocklandth,rockonfin,rodium,rohitferro,rohitpulp,rollatainer,roltai,romantar,roopaindus,roseinvst,roselabind,roselabs,roselabsfin,rosezinc,rossellind,rosselltea,rotamcomm,rotopumps,royalcushio,royalemanor,royalind,royalorch,rpgcables,rpglifesci,rpgtransps,rpower,rppinfra,rrfinance,rrsecur,rssoftware,rswmltd,rsystemsint,rtexports,rtspowerco,rubberprod,rubfilaint,rubramedica,rubymills,ruchiinfra,ruchirapap,ruchisoya,ruchistral,ruchistrips,runeecha,rungtairrig,rupaco,rushildecor,rutronint,ruttonshain,saagrrinfr,saamyabio,saarcnetlt,saberoorg,saboobros,saboosodium,sachetamet,sadbhavengg,sadbhavwar,sadhananitr,saenterpr,safalsecuri,safariind,saffronind,sagarcem,sagarprod,saharahousg,saharaone,sahilfinanc,sahpetroleum,sahyaindu,sainikfin,saintgobain,saiservices,saksoftltd,sakthifin,sakthisprf,sakthisugar,sakumaexpo,salasarinv,salonacotsp,saloraint,salsteel,salzerelec,sambandamsp,sambhaavmed,samindus,samkrgpist,sampadachem,samprenutri,samratpharm,samruddhi,samtelcol,samtelind,samtexfash,samyakint,sanblue,sanciaglob,sancotrans,sandeshltd,sandplast,sandupharma,sandurmang,sangalpaper,sangamindia,sanghforg,sanghicorpo,sanghiind,sanghvimove,sanguinemd,sanjayleas,sanjivanipa,sanketintr,sankhyainfo,sanmitracom,sanraa,sanracomp,sanrheatech,santaramspn,santogenexp,santoshfine,santowin,santowinpol,sanwariaagr,saptarishia,sarangchem,saraswati,saraswcomm,sardaenmin,sardapapers,sardaply,sardaprot,saregamai,sarksys,sarlagems,sarlaperf,sarsarovrd,sarthakglob,sarthakindu,saruptanner,sarvamang,saskencomm,sateliteeng,satindltd,satinvest,satnamover,satpropltd,satvahispat,satyamcom,saucem2006a,saucem2006b,saurascem,savanifin,saventechno,saverahotel,saveraind,savinfocom,savitachem,sawacabusi,sayahsgfin,sayajihotel,sbbjlr,sbecsugar,sbibiiinr,sbibiiir,sbibivnr,sbibivr,sbibondsi,sbibondsii,sbigoldets,sbtint,scanacolour,scanpgeom,scanpointgr,scenariomed,scfncd1oth,scfncd1res,scfncd1unr,scfncd2res,scfncd2unr,schablonai,schenecbeck,schlafengg,schneider,scilventu,scindiastea,scootersind,scopeind,scpofii,sdf180d22g,sdf90d44d,sdf90d45d,sdfcfinance,seamecltd,seasonsfur,seasonstext,seatv,seaxglobal,secundhealt,securitcap,seentsolns,seinvestm,sejalglass,selanexplor,selcrps,sellaidspub,selmanuf,senboind,sentineltea,sequent,serindust,servalakshmi,sesagoa,seshachal,seshapaper,setcoauto,sezalglass,sgntelecoms,shabachem,shaengpla,shahalloys,shahconstn,shahfoodp,shaktimetd,shaktipress,shaktipumps,shalibfinan,shalimarpai,shalimarpro,shalimarwir,shamkencot,shamkenmult,shamkenspin,shamrockind,shanthigear,shantivijay,shardulsecu,shariabees,sharonbio,sharpind,sharpindia,sharptrad,sharyansres,shasunchem,shasunphar,shawwallace,shbhawani,shcholochem,sheelint,sheetalbio,sheetaldiam,shekhawati,shelter,shervaniind,shetronltd,shharichem,shilchartec,shilpamedic,shilpgravur,shilpicable,shimogatech,shinehopet,shippcorpn,shirpurgold,shivacement,shivafert,shivagrico,shivalikgbl,shivamauto,shivatexyam,shivbimetal,shivsuit,shivvanioil,shkarthikp,shlokainfo,shonkhtech,shopperstop,shpacetron,shprecoated,shprecoted,shrachisec,shrajespap,shreajitpu,shreeashta,shreecement,shreeganesh,shreeglobal,shreejal,shreekrishn,shreenath,shreerajsyn,shreeram,shreerama,shreesurgov,shreeyaaxp,shreeyash,shremetal,shrenujco,shreyansind,shreyasinte,shreychem,shreyshlog,shribajrang,shriconind,shridinesh,shriganesh,shrikrish,shrilakhavi,shringar,shriomtrd,shrirajivo,shriramasse,shriramepc,shriramtran,shrishakti,shristinfra,shrmcityun,shrshatex,shsteelwir,shubhamgran,shukrajew,shukrbull,shukuncons,shvanisugr,shyamlalhol,shyamsoft,shyamstarg,shyamtelec,sibarauto,sicagenind,sicallog,siddharthtb,siddhaven,siehealth,siel,sielfinancl,siellimited,siemensltd,siemensmed,signetind,signetos,sigroup,sigrunhold,sikainter,sikozyreal,siliconval,silinvest,silktexltd,silveranima,silverjan02,silverline,silveroak,silversmith,simbhsugar,simmondsmar,simplexcast,simplexmil,simplexpap,simplexproj,simplexreal,simplextrad,simplxinfra,simranfarms,sinclairhot,sindhutrade,singerindia,sinnarbidi,sintexind,sipaper,sipindust,sirdarcarb,sirpurpaper,sirshadila,sitaenter,sitashree,siyaramsilk,sjcorpltd,sjvn,skfindia,skmeggprod,skpsecure,skslogltd,sksmicro,sksshipltd,skumars,skumarsc,skumarscom,skumarsnat,skyindust,skylmillar,skypakserv,smartlink,smenergy,smifscapita,smil,smlisuzu,smobility,smruthiorg,smspharmace,smzschem,snlbearings,snstextiles,sobhadev,socrusbio,softbpoglob,softinfsol,softprosys,softsoli,softwaretec,solarexpl,solarind,solectems,solectronc,solidcont,solidgranit,solidstone,solitairmac,solixtechno,solvayphar,somanycram,somatextile,somdattfin,somdistill,somiconvey,sonakoyost,sonaladhesi,sonatasoft,sotl,sourceind,southasiap,southbiotec,southeast,southerngas,southernisp,southindbk,southiron,southispat,southlatex,southpetps,sovereigndi,sowbhagyaex,sowbhmedia,spanco,spancotele,spandiagnos,sparcsystem,sparshbpo,spartek,spcapital,specialityp,specmarket,spectacle,spectraind,spectrfood,spelsemicon,spentaint,spentexinds,spiceetf,spiceisland,spicejetltd,spiceltd,spicemobil,spicesystem,spicetele,splashmedia,splinds,spllimited,splpolymer,spmlinfra,spsintl,sqlstarint,srangmark,sreejayaau,sreerayala,sreerayalk,sreesakthi,sreiinfra,sreiinfrast,srflimited,srfpolymer,srginfotec,srhhlind,sriadhikari,sridigvcem,sriganapath,srijayalaks,srikprind,srilaksar,srinachamai,srindus,srinivasaha,sriniwasshp,sriramkmil,srivajragra,srivenmult,srkindus,srmenergy,srraylalkps,srslimited,srsreal,ssduncan,ssforgeng,ssiltd,ssorganics,sspdlltd,sspl30nov09,stampedecap,stanchart,stanpacksi,stanrosemaf,starcom,starleasing,starlitecom,starpaper,statebank,statebankr,statebnkmy,statebnktr,stbankbika,stcindia,stdbattery,stdcapmrkt,stdindust,steelauth,steelcast,steelcoguj,steelexch,stel,stelcostrip,stelstrtu,steptwocor,sterlbiotec,sterlenter,sterlguara,sterlholrs,sterlinter,sterlitein,sterliteopt,sterlitepro,sterlstrips,sterltools,stertech,stewarts,stfcncdi,stfcncdii,stfcncdiii,stfcncdiv,stfcncdv,stfncd1ot,stfncd1oth,stfncd1re,stfncd1res,stfncd1unr,stfncd1ur,stfncd2ot,stfncd2oth,stfncd2re,stfncd2res,stfncd2unr,stfncd2ur,stfncd3ot,stfncd3re,stfncd3ur,stfncd4ot,stfncd4re,stfncd4ur,stfncd5re,stiindialt,stlglobal,stlstrinf,stocknetin,stoneindia,storeone,stovacind,stresscrete,strgrewoo,strides,ststrwheel,sturdyinds,suashishdia,suavehotel,subexazure,subexltx,subhashproj,subhkamcap,subrosltd,subuthifin,sudalindus,sudargarm,sudarshchem,sudevind,suditiind,sugaldam,sugaldamani,sujanaindus,sujanametal,sujanatower,sukjitstrch,sulabheng,sulzerind,sumedhafisc,sumeetinds,sumeruind,summitsec,summitsecu,sunasian,sunbeaminfo,suncitysynt,sundaram,sundarambrk,sundaramfas,sundaramfin,sundarammul,sundarclay,sundayexpor,sunflagiron,sungoldcap,sungranite,sunilagrof,sunilhitech,suniteechem,sunlake,sunphaadv,sunpharma,sunphcrp,sunrajdiam,sunriseinv,sunshieldch,sunshine,sunsource,suntechno,sunteckreal,suntv,suntvnet,sunwealth,superbakers,supercrop,superhouse,supersalin,superspin,supersyncot,supertanner,supertexind,suprajiteng,supremeho,supremehold,supremeind,supremeinfr,supremepetr,supremetex,supremeyarn,supremind,surajdiam,surajltd,surajproduc,surajstainl,suranacorpo,suranainds,suranatele,suranatp,suranavent,surattext,suryachakra,suryadeepsa,suryajyotis,suryalatasp,suryambasp,suryanagrif,suryapharma,suryaroshni,suryavaspin,surylakcott,suryofoods,sutlejindus,sutlejtext,suvenlifes,suzlonenergy,svaindia,svamsoftwar,svartcorp,svcres,svcsuperche,svelectric,svgemscorp,swadeshiind,swagruha,swaneng,swanmills,swarajengin,swarajmazda,swarnasa,swarnasecur,swastikfin,swastikinv,swastivinay,swissglass,switchtech,syblyinds,sylphtech,symills,symphony,symphonycom,syncomform,syncomheal,syncomwarr,syndicatebn,synerglogin,synergy,synergymult,syngentai,synthikofoi,syschemi,systamatixc,systelinfo,t25bhipd,taiindust,tainwalach,tainwalapol,tajgvkhotl,takesolut,takmachine,taksheel,talbrosauto,talwalkar,tambolicap,tamilnewspr,tamiltele,tamjaimill,tanejaaero,tanfacind,tanla,tantiacons,tanuhealth,tapariatool,taraifoods,tarapurtra,tariffcine,tastybite,tata18mar11,tatacapi,tatacapii,tatacapiii,tatacapiv,tatachem,tatacoffee,tatacofncd,tatacomm,tataelxsi,tataglobal,tatainvest,tatainwar,tatametalik,tatamotb,tatamotors,tatamtrtdvr,tatapower,tatasm1ad,tatasm1ag,tatasm1bd,tatasm1bg,tatasponge,tatasteel,tatastl,tatastlccps,tatatea,tatateleser,tatayodogaw,tatiafin,tatiaglob,tatiaintex,tavernier,tcfcfinance,tcidevelp,tcifinance,tciindus,tcltechnolo,tcmltd,tcplpack,tcsltd,tdpower,techmah,technocraft,technoele,technoelec,technofab,technoforge,technojetco,techtrek,techtrnpoly,tecprosys,teestaagro,tele18eqpp,telecanor,teledatain,telemarine,telephotoen,telesyssoft,teletechno,telsp241210,temptfoods,teraiteaco,terasoftps,terasoftware,texinfra,texmacoltd,texmacorail,texmopipes,texplastind,tezporetea,tfmp03b,tfmp25ahg,tfmp25asdr,tfmp44b,tftf1a,tftf1b,tftf2ab,tgfmediasy,thacker,thakkersdev,thakralser,thambimod,thanaelect,thangamayil,themismedic,thermax,thinksoft,thiruasug,thirumalai,thomascook,thomsrpsb,tidewateps,tiglobal,tijariappl,tilakfin,tilaknagind,tilltd,timborhome,timesguaran,timetechno,timexgroup,timexncrps,timexwatch,timexwatcrp,timkeni,tinaoversea,tinplafcd,tinplate,tipsindus,tirumalaseu,tirupatiin,tirupatiind,tirupatisar,tirupatista,tirupfoam,titagarhind,titagarhwag,titagrst,titan12may6,titanbiotec,titanind,titanorcps,titansecur,tnsteeltu,todays,todayswriti,tokyofinanc,tokyoplast,tonirapharm,torntpower,torrcabs,torrentcabl,torrentphar,torrgjbio,totalexport,tourismfina,towasokki,toyamaelect,tpcl02jun11,tpl,tplplast,tradewings,transasiac,transchem,transconres,transcorpin,transfreight,transgenebi,transpek,transpekfin,transportco,transwarrant,transwinfot,trcfinanse,treehouse,trendelect,trendyknit,trent07jul10,trentcccpsa,trentcccpsb,trentltd,trentwar7jul,trfltd,tribhuvanhs,tricomfru,tricomindia,trident,tridenttool,trigyntech,trijalind,tril,trimurthidr,trinethrain,trinetra,trinitybiot,tripexovers,trishaktiel,tritoncorp,tritonvalve,triumphint,triveniengg,triveniglas,triveniturb,tsil,tspiritual,ttkhealthca,ttkprestige,ttltd,tubeinv,tudorindia,tulipit,tulipstarh,tuliptele,tulive,tulsiextru,tulsyannec,tunitextile,turbotech,tuticorin,tutistech,tv18brdcst,tv18eqpp,tv18india,tv18infii,tvsele,tvsfinance,tvsmotorl,tvssrichakr,tvtn,tvtoday,twefircent,twilitakaph,twinstarsof,tycheinds,tycheperiph,tyroontea,ubengg,ucalfuel,ucobank,uflexltd,ugarsugar,ughotels,ultramarine,ultratechcm,umangdair,umapetropro,umesl,uniabex,unichemlab,uniflexcabl,unimerindia,unimerpcd92,uniminindia,unioffauto,unionbankl,unionbanksl,uniphosent,uniplyind,uniproducts,uniqueorgan,uniroyalin,uniroyalmar,uniroyaltex,unisocksi,unisyssoft,unitdspr,unitechinte,unitechltd,unitedbank,unitedbrewa,unitedbrewe,unitedcred,uniteddrill,unitedphosh,unitedtext,unitexdes,unitubeslt,unityinfra,univcable,universala,univprime,univstarch,uniworthltd,unjhaformul,unnoindus,upasanafin,uphotels,upperganges,upsurgeinv,urjaglobal,usgtech,ushainteps,ushakiranfi,ushamartin,ushamartlt,ushdevintnl,usheragro,utibank,utigoldetf,utisunderetf,utltd,uttamgalva,uttamsugar,utvsoftware,uvboards,uvderhorst,v2retail,vaarad,vadilalent,vadilalind,vaghani,vaibhavgems,vaishnavi,vajragran,vakrangeeso,valechaengg,valiantcomm,vallabhpoly,vallabhstel,valleyindia,valsonindus,valueindl,valuemar,valuemart,vamainds,vamshirubb,vanasthtext,vansinfo,vantagecorp,vanteltech,vapipaper,vardhman,vardhmanind,vardhmanlab,vardhmanpol,vardholdng,vardhtext,varuninds,varunship,vasanimatn,vasconeng,vasinfra,vaswaniind,vatechwaba,vaxhsgfin,vbcferro,vbcfinance,vbcind,vbdesai,vcclltd,vckcapital,vedanthotel,veejaylaksh,veerenergy,velanhotels,veljan,velsoftware,venkatpharm,venkeysi,venlonentr,venmax,venturatexl,venuspower,venusremedi,venussugar,venusuniver,venusvent,veritas,vertexsec,vertexspg,vesuviusind,vguardind,viceroyhote,victoriamil,victorypapr,victoryproj,videoconapl,videoconind,videoconlr,videoconltd,videoconpp,videshsanch,vidhidyestu,vijayabank,vijayestext,vijayshabu,vijaysolvex,vijaytextil,vikalpsec,vikasglo,vikasgran,vikashmetal,vikasprofn,vikaswsp,vikramtherm,vimaloilfd,vimtalabs,vinatiorg,vinaycement,vindhyatele,vintagecard,vintagesecu,vintroninf,vinylchem,vinyoflexlt,vipindus,vippyindus,vippyspin,vipuldyech,vipulltd,viratcrane,viratindus,virgoglobal,virinchicon,virtualsoft,visagarfin,visagarpol,visakaind,visasteel,viseshinfo,vishalcotsp,vishalexpo,vishalinfo,vishalmalle,vishalretai,vishnuchem,vishnusugar,visioncorpo,visiontech,visisthmerc,visisthtrad,vistapharma,visuali,visuintl,vitalcomm,vividchem,vividind,vivimedlabs,vjilconsult,vksoftec,vlsfinance,vmfsoftec,vmsindustr,voguetextil,voithpaper,volanttex,voltamptran,voltasltd,voraconst,vrwoodart,vsfproj,vstindus,vsttillers,vtmltd,vtxind,vulcaneng,vxlinstrum,vyaparinds,vybraauto,wabco,wabcotvs,wadalacomm,walchandngr,walchandpf,wallfortfin,wallstfin,wanburyltd,warnermulti,warrentea,wartsilai,waterbase,wearologylt,webelsleny,webelsolar,websol,weizmannfin,weizmannfx,weizmannltd,welcast,welcorp,welcuredrug,wellness,wellpackpa,wellwinind,wellworthov,welproj,welspgujsr,welspunglb,welspuni,welspuninv,welspunsynt,wendtindia,wepsoln,westcoast,westiship,westlifedev,whbrady,wheelaxle,wheelsindia,whirlpool,whitediamon,whiteliona,willardind,williamfin,williammago,wimplastlt,wimsometext,windsormach,winrocommr,winsomebrew,winsomeyarn,wintacltd,wiproltd,wiresfabrik,wirewirles,wisecglobal,wockhardt,womennetwor,woodsvila,woolitemerc,wopolinplas,worldwidele,wpilltd,wsindustr,wwilpp,wyethltd,wynaquaexp,xlenergy,xltelecom,xltelene,xoinfotech,xproindips,yarnsyndica,yashmanage,yashpapers,yashrajsec,yashtrading,yasrajcont,yatishsecur,yenkeydrugs,yesbank,ykmind,yogisungwon,yokogawaind,yukenindia,zandupharm,zandurealty,zeeent,zeeenter,zeelearn,zeenews,zeetele,zencapital,zenithbirla,zenithcomp,zenithexp,zenithfibre,zenithhealt,zenithinfo,zenotech,zensartech,zentech,zenuinfotec,zfsteering,zicomelectr,zigmasoft,zodiaccloth,zodiacjrd,zuariforex,zuariindus,zydengentec,zyduswell,zylogsystem,