20microns_eq,3iinfotech_eq,3mindia_eq,a2zmes_eq,aanjaneya_eq,aartidrugs_be,aartidrugs_eq,aartiind_be,aartiind_eq,aarveeden_be,aarveeden_eq,aban_e1,aban_eq,abanlloyd_eq,abanloyd_eq,abb_eq,abbotindia_eq,abcil_eq,abgship_eq,abhishek_be,abhishek_eq,abirlanuvo_eq,abshekinds_be,abshekinds_eq,absind_eq,acc_bl,acc_eq,acc_il,ace_eq,ackruti_eq,acropetal_eq,adanient_bl,adanient_eq,adaniexpo_bl,adaniexpo_eq,adaniports_eq,adanipower_eq,adffoods_eq,adhunik_be,adhunik_bl,adhunik_eq,adlabsfilm_bl,adlabsfilm_eq,adorweld_eq,adsl_eq,advanihotr_be,advanihotr_eq,advanta_eq,advanta_il,aegischem_be,aegischem_bl,aegischem_eq,afl_be,afl_eq,aftek_be,aftek_eq,aftekinfo_eq,agcnet_eq,ageegold_be,ageegold_eq,agre_be,agre_eq,agrodutch_be,agrodutch_eq,ahleast_eq,ahlucont_eq,ahlwest_eq,ahmedelec_eq,ahmedforge_be,ahmedforge_eq,aiaeng_eq,aichamp_be,aichamp_eq,airdeccan_bl,airdeccan_eq,ajantpharm_be,ajantpharm_eq,ajmera_eq,akruti_be,akruti_eq,akshoptfbr_be,akshoptfbr_eq,akzoindia_eq,albk_eq,albk_il,alchem_eq,alchemist_eq,alembicltd_be,alembicltd_eq,alfalaval_eq,alicon_be,alicon_eq,alkali_eq,alkylamine_eq,allcargo_eq,allsec_be,allsec_eq,almondz_be,almondz_eq,aloktext_e1,aloktext_eq,alpa_be,alpa_eq,alphageo_be,alphageo_eq,alpinehou_eq,alpsindus_be,alpsindus_eq,alstomtd_eq,amar_eq,amarajabat_be,amarajabat_eq,amarjothi_eq,ambicaagar_be,ambicaagar_eq,ambikco_eq,ambujacem_eq,amdind_eq,amdmet_eq,amitspin_be,amitspin_eq,aml_eq,amlsteel_be,amlsteel_eq,amrutanjan_eq,amtekauto_bl,amtekauto_eq,amtekindia_bl,amtekindia_eq,amtrexappl_be,amtrexappl_eq,anantraj_eq,andhrabank_eq,andhrabank_il,andhracemt_be,andhracemt_eq,andhrsugar_eq,angauto_be,angauto_eq,angind_be,angind_eq,anikinds_eq,ankurdrugs_be,ankurdrugs_eq,ansalapi_bl,ansalapi_eq,ansalhsg_be,ansalhsg_eq,ansalinfra_eq,antgraphic_be,antgraphic_eq,aparinds_eq,apcotexind_be,apcotexind_eq,apcotexlat_be,apcotexlat_eq,apil_bl,apil_eq,aplab_be,aplab_eq,aplapollo_eq,aplltd_be,aplltd_eq,apollohosp_bl,apollohosp_eq,apollosind_be,apollosind_eq,apollotyre_eq,appaper_be,appaper_eq,appaper_w1,aptecht_be,aptecht_eq,aqua_eq,archidply_be,archidply_eq,archies_be,archies_eq,areva_eq,arevatd_bl,arevatd_eq,arhamfiscl_be,arhamfiscl_eq,aries_be,aries_eq,arihant_be,arihant_eq,arl_be,arl_eq,arogranite_eq,arrowgroup_be,arrowgroup_eq,arrowtex_be,arrowtex_eq,arsbonds_n1,arshiya_eq,arssinfra_eq,arvind_eq,arvindmill_eq,asahiindia_be,asahiindia_eq,asahisong_eq,asal_be,asal_eq,ashapurmin_be,ashapurmin_eq,ashco_be,ashco_eq,ashconiul_be,ashconiul_eq,ashiana_eq,ashimasyn_be,ashimasyn_eq,ashoka_eq,ashokley_eq,asianelec_be,asianelec_eq,asianhotel_bl,asianhotel_eq,asianhotnr_eq,asianpaint_eq,asiantiles_be,asiantiles_eq,asil_be,asil_eq,assamco_be,assamco_bl,assamco_eq,astec_be,astec_eq,astersili_be,astersili_eq,astraidl_eq,astral_eq,astramicro_eq,astrazen_eq,astrazen_n1,atcom_be,atcom_eq,atfl_be,atfl_eq,atlanta_eq,atlascycle_be,atlascycle_eq,atnint_be,atnint_eq,atninter_be,atninter_eq,atul_eq,atulprod_eq,aurionpro_be,aurionpro_eq,auropharma_eq,ausoment_be,ausoment_eq,austral_be,austral_eq,autoaxles_be,autoaxles_eq,autoind_be,autoind_eq,autolitind_be,autolitind_eq,autoridfin_be,autoridfin_eq,avanti_be,avanti_eq,avayagcl_be,avayagcl_eq,aventis_eq,avtnpl_eq,axisbank_bl,axisbank_eq,axisgold_eq,axisitt_be,axisitt_eq,aztec_eq,aztecsoft_be,aztecsoft_eq,bagfilms_be,bagfilms_eq,bagyametal_be,bagyametal_eq,bajajauto_bl,bajajauto_eq,bajajcorp_eq,bajajelec_bl,bajajelec_eq,bajajfinsv_bl,bajajfinsv_eq,bajajhind_bl,bajajhind_eq,bajajhldng_eq,bajajplast_be,bajajplast_eq,bajautofin_eq,bajautofin_n1,bajautofin_w1,bajfinance_eq,balajitele_eq,balamines_eq,balasponge_be,balasponge_eq,balasteels_be,balasteels_eq,balkrisind_bl,balkrisind_eq,ballarpur_eq,balmlawrie_eq,balpharma_be,balpharma_eq,balramchin_eq,banarbeads_be,banarisug_bl,banarisug_eq,bancoindia_eq,bang_be,bang_eq,bankbaroda_eq,bankbaroda_il,bankbees_eq,bankindia_eq,bankindia_il,bankpunjab_eq,bankrajas_be,bankrajas_bl,bankrajas_eq,banswras_be,banswras_eq,bartronics_be,bartronics_eq,basf_eq,basml_eq,bataindia_eq,batliboi_be,batliboi_eq,bayercrop_eq,bbl_eq,bbtc_be,bbtc_eq,bccl_be,bccl_eq,beardsell_be,beardsell_eq,becrel_be,becrel_eq,bedmutha_eq,bel_eq,belceramic_be,belceramic_eq,bellceratl_be,bellceratl_eq,beml_eq,bepl_be,bepl_bl,bepl_eq,bergepaint_eq,bfinvest_be,bfinvest_eq,bfutilitie_eq,bgfl_eq,bglobal_eq,bgrenergy_eq,bhagwatiho_be,bhagwatiho_eq,bhagynagar_eq,bharatforg_bl,bharatforg_eq,bharatforg_w1,bharatforg_w2,bharatgear_be,bharatgear_eq,bharatras_be,bharatras_eq,bharti_eq,bharti_il,bhartiartl_bl,bhartiartl_eq,bhartiartl_il,bhartiship_eq,bhel_bl,bhel_eq,bhel_il,bhusanstl_bl,bhusanstl_eq,bil_be,bil_eq,bilenergy_be,bilenergy_eq,bilpower_be,bilpower_eq,bilt_bl,bilt_eq,bimetal_be,bimetal_eq,binanicem_eq,binaniind_be,binaniind_eq,bindalagro_be,bindalagro_bl,bindalagro_eq,biocon_eq,birlacorpn_eq,birlacot_be,birlacot_eq,birlaeric_be,birlaeric_eq,birlajute_eq,birlamoney_be,birlamoney_eq,birlapower_be,birlapower_eq,blblimited_be,blblimited_eq,blissgvs_eq,blkashyap_eq,blowplast_eq,bluebird_be,bluebird_eq,bluechip_be,bluechip_eq,bluecoast_be,bluecoast_eq,bluedart_bl,bluedart_eq,bluestarco_eq,bluestinfo_be,bluestinfo_eq,boc_eq,bodalchem_eq,bodhtree_be,bodhtree_eq,bomdyeing_eq,bongairefn_eq,boschchasy_eq,boschltd_eq,bpcl_eq,bpl_be,bpl_eq,bplengg_be,bplengg_eq,bplrefrig_be,bplrefrig_eq,bplsantech_be,bplsantech_eq,bplsanutil_be,bplsanutil_eq,brabourne_be,brabourne_eq,brandhouse_eq,brandhouse_il,brfl_eq,brigade_eq,britannia_eq,britannia_n1,broadcast_be,broadcast_eq,brooks_be,brooks_eq,bscfaug08a_eq,bscfaug08b_eq,bselinfra_be,bselinfra_eq,bsl_be,bsl_eq,bslcp1g_mf,bslcp2g_mf,bslftpcsg_mf,bslgoldetf_eq,bslnifty_eq,bstranscom_eq,burnpur_be,burnpur_eq,bvcl_be,bvcl_eq,bvxl_be,bvxl_eq,cadilahc_eq,cairn_eq,calsoft_be,calsoft_eq,cambridge_be,cambridge_eq,camlin_be,camlin_bl,camlin_eq,canbk_eq,canbk_il,candc_eq,canfinhome_be,canfinhome_eq,cantabil_eq,carboruniv_bl,carboruniv_eq,careerp_eq,carolinfo_be,carolinfo_eq,castrol_eq,cccl_eq,ccl_be,ccl_eq,ceat_be,ceat_eq,ceatltd_be,ceatltd_eq,cebbco_be,cebbco_eq,celebrity_be,celebrity_eq,celestial_be,celestial_eq,cenbnk_eq,centbop_eq,centbop_il,centenka_be,centenka_eq,centext_be,centext_eq,centralbk_eq,centum_be,centum_eq,centuryply_bl,centuryply_eq,centurytex_eq,cera_eq,cesc_eq,cgigarsh_eq,chamblfert_eq,champdany_be,champdany_eq,chemfalkal_be,chemfalkal_eq,chemplast_be,chemplast_eq,chennpetro_eq,cheslintex_be,cheslintex_eq,chettinad_eq,chi_eq,chloridind_eq,choladbs_be,choladbs_eq,choladbs_w1,cholafin_eq,cholainv_eq,cilnova_be,cilnova_eq,cimcobirla_be,cimcobirla_eq,cimmco_eq,cinemax_be,cinemax_eq,cinevista_be,cinevista_eq,cipl_be,cipl_eq,cipla_eq,clariant_eq,classic_be,classic_eq,clnindia_eq,clutchauto_be,clutchauto_eq,cmahendra_eq,cmc_eq,coalindia_bl,coalindia_eq,cochinrefn_eq,colgate_eq,colorchem_eq,colorchips_be,colorchips_eq,colpal_eq,compuage_be,compuage_eq,compudyne_be,compusoft_eq,computech_be,computech_eq,comsys_be,comsys_eq,concor_bl,concor_eq,conscoffee_eq,consofinvt_be,consofinvt_eq,coralhub_be,coralhub_eq,cordscable_eq,coreedutec_eq,coreemblg_be,coreemblg_eq,coreparent_be,coreparent_eq,coreprotec_eq,coroengg_be,coroengg_eq,coromandel_eq,coromnfert_eq,corpbank_eq,cosmofilms_eq,coxkings_eq,cpil_eq,cranessoft_eq,creativeye_be,creativeye_eq,crestani_be,crestani_eq,crestcomm_eq,crewbos_eq,crisil_eq,crmfgetf_eq,crompgreav_eq,cronimet_eq,cte_be,cte_eq,cub_bl,cub_e1,cub_eq,cubextub_be,cubextub_eq,cumminsind_eq,curatech_be,curatech_eq,cybermedia_be,cybermedia_eq,cybertech_be,cybertech_eq,daawat_eq,dabur_eq,daburpharm_bl,daburpharm_eq,dalmiabel_be,dalmiabel_eq,dalmiacem_be,dalmiacem_bl,dalmiacem_eq,dalmiacem_w1,dalmiasug_be,dalmiasug_eq,datamatics_eq,datatech_be,datatech_eq,dbcorp_eq,dbrealty_eq,dbstockbro_eq,dcb_eq,dchl_eq,dchl_il,dcm_be,dcm_eq,dcmfinserv_be,dcmfinserv_eq,dcmsrmcons_eq,dcw_eq,deccance_eq,decolight_be,decolight_eq,deepakfert_eq,deepakntr_eq,deepind_eq,deltacorp_eq,deltamagnt_be,deltamagnt_eq,den_bl,den_eq,denabank_eq,denabank_il,denora_be,denora_eq,denso_eq,dewanhous_eq,dgpwindsor_be,dgpwindsor_eq,dhampursug_be,dhampursug_bl,dhampursug_e1,dhampursug_eq,dhanbank_be,dhanbank_eq,dhanuka_eq,dhanus_be,dhanus_eq,dharsugar_be,dharsugar_eq,dhuninv_be,dhuninv_eq,diapower_eq,dicind_eq,digjam_be,digjam_eq,dishman_eq,dishtv_bl,dishtv_e1,dishtv_e2,dishtv_eq,divislab_eq,dlf_bl,dlf_eq,dlink_be,dlink_eq,dlinkindia_eq,dolphinoff_be,dolphinoff_eq,donear_be,donear_eq,dpscltd_be,dpscltd_eq,dptl_eq,dqe_eq,dredgecorp_eq,drreddy_bl,drreddy_eq,drreddy_n1,dskulkarni_eq,dsp12m12g_mf,dspfm3m21d_mf,dssl_be,dssl_eq,dtil_be,dtil_eq,duncansind_be,duncansind_eq,dwarkesh_be,dwarkesh_eq,dynacons_be,dynacons_eq,dynamatech_eq,dynasys_be,dynasys_eq,eastsilk_be,eastsilk_eq,easunreyrl_be,easunreyrl_eq,eceind_be,eceind_bl,eceind_eq,eclerx_be,eclerx_eq,edelweiss_eq,edl_eq,edserv_eq,educomp_eq,eicher_be,eicher_eq,eichermot_eq,eidparry_eq,eihahotels_be,eihahotels_eq,eihotel_eq,eimcoeleco_be,eimcoeleco_eq,ekc_eq,elderpharm_eq,elecon_eq,electcast_eq,electherm_be,electherm_eq,elforge_be,elforge_eq,elgiequip_bl,elgiequip_eq,elgirubber_be,elgirubber_eq,elgirubco_be,elgirubco_eq,elgityre_bl,elgityre_eq,elnet_eq,emamiinfra_be,emamiinfra_eq,emamiltd_eq,emco_eq,emerck_eq,emkay_be,emkay_eq,emmbi_eq,empeesug_be,empeesug_eq,energydev_be,energydev_eq,enginersin_eq,enil_eq,enil_il,enkei_be,enkei_eq,ennorefo_be,ennorefo_eq,entegra_be,entegra_eq,eonelect_be,eonelect_eq,eracons_eq,erainfra_eq,erosmedia_eq,esabindia_eq,escorts_eq,eserveint_eq,esl_bl,esl_eq,essarguj_eq,essaroil_bl,essaroil_eq,essarports_be,essarports_eq,essarship_be,essarship_eq,essarshpng_be,essarshpng_eq,essdee_eq,esselpack_be,esselpack_bl,esselpack_eq,ester_eq,estl_bl,estl_eq,estl_p1,etc_be,etc_eq,etcnet_be,etcnet_eq,eternevrst_eq,eurocera_be,eurocera_eq,euromulti_eq,eurotexind_be,eurotexind_eq,eveready_be,eveready_eq,everestind_be,everestind_eq,everonn_bl,everonn_eq,everonn_il,evinix_be,evinix_eq,excelcrop_be,excelcrop_eq,excelindus_be,excelindus_eq,excelinfo_eq,exideind_eq,fact_be,fact_eq,fagbearing_eq,fame_be,fame_eq,farmaxind_eq,fch_be,fch_eq,fcssoft_eq,fdc_eq,fedderloyd_be,fedderloyd_bl,fedderloyd_eq,federalbnk_eq,fiemind_eq,filatex_eq,finantech_be,finantech_bl,finantech_eq,fincables_eq,finpipe_eq,firstlease_eq,firstwin_be,firstwin_eq,fkonco_eq,flex_eq,flexchem_be,flexchem_eq,flexengg_be,flexengg_eq,flexituff_eq,fmgoetze_be,fmgoetze_bl,fmgoetze_eq,fmnl_eq,fortis_eq,fortis_w1,fosecoind_eq,foursoft_be,foursoft_eq,fsl_bl,fsl_eq,fss_eq,ftcpof3ydv_eq,ftcpof3ygr_eq,ftcpof5ydv_eq,ftcpof5ygr_eq,ftcsf3ydiv_eq,ftcsf3ygro_eq,ftcsf5ydiv_eq,ftcsf5ygro_eq,ftftf12adv_mf,ftftf12agr_mf,ftftf12bdv_mf,ftftf12bgr_mf,ftftf12cdv_mf,ftftf12cgr_mf,ftftf13adv_mf,ftftf13agr_mf,ftftf14adv_mf,ftftf14agr_mf,ftftf14bdv_mf,ftftf14bgr_mf,ftftf15dv_mf,ftftf15gr_mf,ftftf16do_mf,ftftf16gr_mf,futurevent_eq,gabriel_be,gabriel_bl,gabriel_eq,gael_eq,gail_bl,gail_eq,gal_eq,gallantt_be,gallantt_bl,gallantt_eq,gallispat_be,gallispat_eq,gammninfra_be,gammninfra_eq,gammonind_eq,gandhitube_be,gandhitube_eq,ganeshhouc_eq,gangotri_be,gangotri_bl,gangotri_eq,gardensilk_be,gardensilk_eq,garwallrop_be,garwallrop_eq,garwoffs_be,garwoffs_eq,gati_eq,gayaproj_eq,gbn_eq,gdl_eq,geecee_eq,geindsys_eq,gemini_be,gemini_bl,gemini_eq,genesys_be,genesys_eq,genusovere_eq,genuspower_be,genuspower_eq,geodesic_eq,geoinfo_eq,geojit_eq,geojitbnpp_eq,geometric_be,geometric_bl,geometric_eq,georgwilim_be,georgwilim_eq,gescocorp_eq,geship_eq,geshipping_eq,ghcl_eq,gichsgfin_eq,gillanders_eq,gillette_eq,ginnifila_be,ginnifila_eq,gipcl_eq,gisolution_be,gisolution_eq,gitanjali_eq,gkb_eq,gkw_be,gkw_eq,gkwlimited_be,gkwlimited_eq,glaxo_eq,glenmark_eq,glfl_be,glfl_eq,globaltele_eq,globalvect_be,globalvect_eq,globoffs_eq,globusspr_eq,glodyne_eq,glory_be,glory_eq,gmbrew_be,gmbrew_eq,gmdcltd_eq,gmrfer_eq,gmrinds_be,gmrinds_bl,gmrinds_eq,gmrindstrs_be,gmrindstrs_eq,gmrinfra_bl,gmrinfra_eq,gnfc_eq,goacarbon_be,goacarbon_eq,godavrfert_be,godavrfert_eq,godfryphlp_eq,godrejcp_eq,godrejind_eq,godrejprop_eq,goenka_eq,goetzeind_bl,goetzeind_eq,gokex_be,gokex_bl,gokex_eq,gokul_eq,goldbees_eq,goldentobc_be,goldentobc_eq,goldiam_be,goldiam_eq,goldinfra_be,goldinfra_eq,goldshare_eq,goldtech_be,goldtech_eq,goldtele_be,goldtele_bl,goldtele_eq,goodlasner_eq,gpelect_be,gpelect_eq,gpil_be,gpil_eq,gppl_eq,gppl_il,grabalalk_be,grabalalk_eq,grandfonry_be,grandfonry_eq,granules_eq,graphite_bl,graphite_eq,grasim_eq,grasim_il,gravita_eq,greavescot_eq,greenply_eq,greenply_w1,greenpower_eq,grindwell_eq,gruh_eq,gsfc_eq,gskcons_eq,gslnova_eq,gspl_eq,gss_bl,gss_eq,gssamerica_be,gssamerica_bl,gssamerica_eq,gtcind_eq,gtl_bl,gtl_eq,gtlinfra_eq,gtnind_be,gtnind_eq,gtntex_be,gtntex_eq,gtntext_eq,gtoffshore_bl,gtoffshore_eq,guficbio_be,guficbio_eq,gujalkali_eq,gujambcem_eq,gujapolind_eq,gujapollo_eq,gujfluoro_bl,gujfluoro_eq,gujglass_eq,gujnrecoke_bl,gujnrecoke_eq,gujnrecoke_w1,gujnredvr_eq,gujratgas_eq,gujsidhcem_be,gujsidhcem_eq,gujstatfin_bt,gulfoilcor_be,gulfoilcor_eq,gvkpil_bl,gvkpil_eq,gwalchem_eq,halonix_be,halonix_eq,hanilera_eq,hanung_eq,haritaseat_be,haritaseat_eq,harrmalaya_be,harrmalaya_eq,haryanshet_be,haryanshet_eq,hathway_eq,havells_eq,hblpower_be,hblpower_eq,hbstock_be,hbstock_eq,hcc_eq,hcil_eq,hclinsys_eq,hcltech_bl,hcltech_eq,hdfc_bl,hdfc_eq,hdfc_w1,hdfcbank_bl,hdfcbank_eq,hdfcmfgetf_eq,hdil_eq,heg_eq,heidelberg_eq,heliosmath_be,heliosmath_eq,hercules_bl,hercules_eq,herdilchem_be,herdilchem_eq,heritgfood_be,heritgfood_eq,herohonda_eq,heromotoco_bl,heromotoco_eq,hexatradex_be,hexaware_bl,hexaware_eq,hfcl_be,hfcl_eq,hgs_bl,hgs_eq,hgsl_bl,hgsl_eq,hikal_eq,hilton_be,hilton_eq,himachlfut_be,himachlfut_eq,himatseide_be,himatseide_eq,hindalc0_e1,hindalc0_e2,hindalc0_eq,hindalco_bl,hindalco_eq,hindcompos_be,hindcompos_eq,hindcons_eq,hindcopper_eq,hinddorrol_be,hinddorrol_eq,hindlever_eq,hindlever_n1,hindmotor_be,hindmotor_bl,hindmotor_eq,hindmotors_be,hindmotors_eq,hindnatgls_eq,hindoilexp_eq,hindpetro_eq,hindpetro_il,hindsanit_eq,hindspg_be,hindspg_eq,hindsyntex_be,hindsyntex_eq,hindujafo_be,hindujafo_eq,hindujatmt_eq,hindujaven_bl,hindujaven_eq,hindunilvr_bl,hindunilvr_eq,hindzinc_eq,hinvdir_eq,hiraferro_eq,hirect_eq,hitachihom_eq,hitechgear_eq,hitechplas_eq,hjul18370n_mf,hmt_be,hmt_eq,hmvl_eq,hmxii14mgr_mf,hngsngbees_eq,hocl_be,hocl_eq,hocxi13mgr_mf,hocxi18mgr_mf,honaut_eq,hondapower_be,hondapower_eq,hopfl_be,hopfl_eq,horizonbat_be,horizonbat_bl,horizonbat_eq,horizoninf_be,horizoninf_bl,horizoninf_eq,hoteleela_be,hoteleela_eq,hotelrugby_be,hotelrugby_eq,hovs_be,hovs_eq,hsep1525mq_mf,hsep15370g_mf,hsep15370n_mf,hsep15370q_mf,hsil_be,hsil_eq,hsp141003g_mf,htmedia_eq,htmt_eq,htmtglobal_eq,hubtown_eq,hudco_n2,hudco_n3,hughessoft_eq,hydrbadind_be,hydrbadind_bl,hydrbadind_eq,hydross_be,hydross_eq,ibn18_e1,ibn18_eq,ibp_eq,ibpow_eq,ibrealest_eq,ibrealest_il,ibretails_be,ibretails_eq,ibsec_be,ibsec_eq,ibwsl_be,ibwsl_eq,ici_eq,icibk0405a_n1,icibk1107_n1,icici0202_n3,icici0302_n3,icici0402_n3,icici_k1,icicibank_bl,icicibank_e2,icicibank_eq,icicibank_il,icil_be,icil_eq,icra_eq,icsa_eq,idbi0205_n2,idbi_eq,idbibank_eq,idbigold_eq,idea_eq,idfc100s3g_mf,idfc36m2g_mf,idfc_bl,idfc_eq,idfc_n2,idfc_n3,idfc_n4,idfc_n5,idfc_n6,idfc_n7,idfccpof1g_mf,idfcqs62g_mf,idfctms5ag_mf,idfcys37g_mf,idfcys44g_mf,ifbagro_be,ifbagro_eq,ifbind_be,ifbind_eq,ifci_eq,ifci_il,ifglrefrac_eq,ifl_be,ifl_eq,iflex_eq,igarashi_be,igarashi_eq,igflfert_eq,igl_eq,igl_il,igpl_be,igpl_eq,igs_eq,iiflfmps1g_mf,iiflnifty_eq,iiisl_n1,iiisl_n2,iiisl_n3,iiisl_n4,iiltd_be,iiltd_eq,iitl_be,iitl_eq,ilfsengg_eq,ilfstrans_eq,imfa_be,imfa_eq,impal_eq,impexferro_be,impexferro_eq,indbank_be,indbank_eq,indgypsum_eq,indhotel_bl,indhotel_eq,indhotel_n4,indhotel_w1,indiabulls_eq,indiabulls_w1,indiacem_eq,indiafoils_be,indiafoils_eq,indiaglyco_be,indiaglyco_eq,indiainfo_bl,indiainfo_eq,indianb_eq,indiancard_be,indiancard_eq,indianhume_be,indianhume_eq,indlmeter_be,indlmeter_eq,indnippon_eq,indoasifu_be,indoasifu_eq,indoco_be,indoco_eq,indorama_bl,indorama_eq,indoramtex_bl,indoramtex_eq,indosolar_be,indosolar_eq,indotech_be,indotech_eq,indothai_eq,indowind_be,indowind_eq,indramedco_be,indramedco_eq,indrayon_eq,indshaving_eq,indswftlab_be,indswftlab_eq,indswftltd_be,indswftltd_eq,indterrain_be,indterrain_eq,indujenert_be,indujenert_bl,indujenert_eq,indusfila_be,indusfila_eq,indusindbk_bl,indusindbk_eq,indusindbk_il,ineabs_eq,infinite_eq,infodrive_be,infodrive_eq,infomedia_be,infomedia_eq,infosystch_bl,infosystch_eq,infotecent_eq,infrabees_eq,infy_bl,infy_eq,ingerrand_eq,ingvysyabk_eq,ingvysyabk_il,innoind_eq,inoxleisur_eq,insecticid_eq,inventure_eq,investcorp_eq,invstsmart_eq,iob_eq,iob_il,ioc_eq,iol_eq,iolb_eq,iolcp_eq,ioln_be,ioln_eq,ip521ycg_mf,ipcalab_eq,ipcl_eq,ipgetf_eq,ipringltd_be,ipringltd_eq,irb_eq,irfc_n1,irfc_n2,isft_eq,ismtltd_bl,ismtltd_eq,ispatind_eq,ispatind_p1,itc_bl,itc_eq,itchotel_eq,itdcem_be,itdcem_eq,iti_be,iti_eq,itt_be,itt_eq,ivc_be,ivc_eq,ivp_be,ivp_eq,ivrclah_be,ivrclah_eq,ivrclinfra_eq,ivrprime_eq,jagran_bl,jagran_eq,jagran_il,jagsnpharm_be,jagsnpharm_eq,jaibalaji_be,jaibalaji_eq,jaicorpltd_be,jaicorpltd_eq,jaihindpro_eq,jainstudio_be,jainstudio_eq,jamnaauto_bl,jamnaauto_eq,jayagrogn_bl,jayagrogn_eq,jaybarmaru_be,jaybarmaru_eq,jaynecoind_be,jaynecoind_eq,jaypeehot_be,jaypeehot_eq,jaysreetea_eq,jbchepharm_eq,jbfind_eq,jbma_be,jbma_bl,jbma_eq,jbmautocom_eq,jctel_be,jctel_eq,jctelec_be,jctelec_eq,jdorgo_be,jdorgo_eq,jdorgochem_be,jdorgochem_eq,jensonicol_be,jensonicol_eq,jetairways_eq,jeypore_be,jeypore_eq,jhs_be,jhs_eq,jik_be,jik_eq,jikind_be,jikind_eq,jikinds_be,jikinds_eq,jindaldril_be,jindaldril_eq,jindalfoto_eq,jindaliron_eq,jindalphot_eq,jindalpoly_be,jindalpoly_bl,jindalpoly_eq,jindalsaw_eq,jindalstel_bl,jindalstel_eq,jindalswhl_be,jindalswhl_eq,jindcot_be,jindcot_eq,jindrill_bl,jindrill_eq,jindvijstl_eq,jindworld_be,jindworld_eq,jisldvreqs_eq,jisljaleqs_eq,jkbank_eq,jkcement_eq,jkil_eq,jkindustry_eq,jklakshmi_eq,jkpaper_eq,jktyre_be,jktyre_eq,jmcproject_eq,jmfinancil_eq,jmfmpxvirg_mf,jmtautoltd_bl,jmtautoltd_eq,jocil_eq,jpassociat_bl,jpassociat_eq,jpassociat_il,jphydro_bl,jphydro_eq,jpinfratec_eq,jppower_eq,jsl_eq,jstainless_eq,jstrips_eq,jswenergy_eq,jswispat_eq,jswispat_p1,jswsteel_bl,jswsteel_eq,jswsteel_w1,jswstl_eq,jswstl_w1,jubilant_be,jubilant_eq,jublfood_eq,jublinds_be,jublinds_eq,jumbo_be,jumbo_eq,juniorbees_eq,jupiter_eq,jvlagro_eq,jyothylab_eq,jyotistruc_bl,jyotistruc_eq,jyotistruc_n1,jyotistruc_w1,kabraextru_be,kabraextru_eq,kajariacer_be,kajariacer_eq,kakatcem_be,kakatcem_eq,kaleconsul_be,kaleconsul_eq,kalindee_be,kalindee_eq,kalindee_il,kalpatpowr_eq,kalsteels_be,kalsteels_eq,kalyanbrak_eq,kalyanifrg_be,kalyanifrg_eq,kamathotel_be,kamathotel_eq,kananiind_be,kananiind_eq,kandagiri_eq,kanorichem_be,kanorichem_eq,kansainer_eq,karmaeng_be,karmaeng_eq,karurkcp_be,karurkcp_eq,karurvysya_e4,karurvysya_e5,karurvysya_eq,karurvysya_il,kaushalya_eq,kavveritel_be,kavveritel_eq,kbil_be,kbil_eq,kbl_eq,kcp_eq,kcpsugind_be,kcpsugind_eq,kec_eq,kecinfra_be,kecinfra_eq,kecintl_eq,kecl_be,kecl_eq,kei_be,kei_eq,kemrock_be,kemrock_eq,kernex_be,kernex_eq,kesarent_be,kesarent_eq,kesoramind_be,kesoramind_bl,kesoramind_eq,keycorpser_be,keycorpser_eq,kfa_eq,kgl_be,kgl_eq,khaitanele_be,khaitanele_bl,khaitanele_eq,khaitanltd_be,khaitanltd_eq,khandse_be,khandse_eq,kicl_be,kicl_eq,kil_be,kil_eq,kilitch_eq,kineticmot_be,kineticmot_bl,kineticmot_eq,kiridyes_eq,kiriindus_eq,kirlosbros_eq,kirloseng_be,kirloseng_eq,kirlosind_eq,kirloskcum_eq,kirlosoil_eq,kitplyind_be,kitplyind_bl,kitplyind_eq,kkcl_be,kkcl_eq,klgsystel_be,klgsystel_eq,klrf_eq,kmsugar_be,kmsugar_eq,knl_eq,knrcon_be,knrcon_eq,kohinoor_be,kohinoor_eq,kojamfin_be,kojamfin_eq,kokuyocmln_be,kokuyocmln_eq,koltepatil_eq,kopdrugs_be,kopdrugs_eq,kopran_be,kopran_eq,kotakbank_bl,kotakbank_eq,kotakgold_eq,kotaknifty_eq,kotakpsubk_eq,kotarisug_be,kotarisug_eq,kotharipet_be,kotharipet_eq,kotharipro_bl,kotharipro_eq,koutons_eq,kovai_be,kovai_eq,kpit_eq,kprmill_eq,krbl_be,krbl_eq,krishnaeng_be,krishnaeng_eq,kritiind_eq,ksbpumps_bl,ksbpumps_eq,kscl_be,kscl_eq,kse_eq,kserapro_be,kserapro_eq,kserasera_be,kserasera_eq,ksk_be,ksk_bl,ksk_eq,ksl_eq,ksoils_eq,ktil_be,ktil_eq,ktkbank_eq,ktkfmp18bg_mf,kwality_be,kwality_eq,lakpre_eq,lakshmiefl_bl,lakshmiefl_eq,lakshmifin_be,lakshmifin_eq,lakshmimil_be,lakshmimil_eq,lakshvilas_e2,lakshvilas_eq,lanabs_eq,lancoin_be,lancoin_eq,laneseda_eq,laopala_be,laopala_eq,laxmimach_eq,lccinfotec_be,lccinfotec_eq,leadedsys_be,leadedsys_eq,lgbbrosltd_eq,lgbforge_be,lgbforge_eq,lgbros_d1,lgbros_eq,libertshoe_eq,lichsgfin_bl,lichsgfin_eq,liquidbees_eq,litl_eq,lloydeleng_be,lloydeleng_eq,lloydfin_be,lloydfin_eq,lloydsteel_be,lloydsteel_eq,lml_be,lml_eq,logixmicro_be,logixmicro_eq,lokeshmach_be,lokeshmach_eq,lotteindia_be,lotteindia_eq,lotuseye_be,lotuseye_eq,lovable_eq,lpdc_be,lpdc_eq,lt_bl,lt_eq,ltfh_eq,ltfinance_n1,ltfinance_n2,ltfinance_n3,ltfinance_n4,ltfinance_n5,ltfinance_n6,ltfmp370dd_mf,ltfmp370dg_mf,lumaxauto_be,lumaxauto_eq,lumaxind_be,lumaxind_eq,lumaxtech_be,lumaxtech_eq,lupin_eq,lykalabs_be,lykalabs_bl,lykalabs_eq,m100_eq,m50_eq,maanalu_eq,maarsoftw_be,maarsoftw_eq,macmillan_eq,madhav_be,madhav_eq,madhucon_eq,madrascem_eq,madrasfert_be,madrasfert_eq,magma_eq,magnum_be,magnum_eq,mahabank_eq,mahavirspg_eq,mahindforg_be,mahindforg_eq,mahindugin_be,mahindugin_eq,mahlife_eq,mahscooter_be,mahscooter_eq,mahseamles_eq,maithanall_eq,malco_eq,malupaper_be,malupaper_eq,malwacott_be,malwacott_eq,manaksia_be,manaksia_eq,manalipet_be,manalipet_eq,manalipetc_be,manalipetc_bl,manalipetc_eq,manalu_bl,manalu_eq,manappuram_eq,mandhana_eq,mangalam_be,mangalam_eq,mangchefer_be,mangchefer_eq,manglmcem_be,manglmcem_bl,manglmcem_eq,mangtimber_be,mangtimber_eq,maninds_bl,maninds_eq,maninfra_eq,manjeera_eq,manjushree_eq,manugraph_eq,maralover_be,maralover_eq,mardiachem_be,mardiachem_eq,marg_bl,marg_eq,marico_eq,maricoind_eq,marksans_be,marksans_eq,maruti_bl,maruti_eq,maruti_il,mastek_eq,matrixlabs_eq,mawana_eq,mawanasug_be,mawanasug_eq,max_be,max_eq,maxwell_be,maxwell_bl,maxwell_eq,maytasinfr_eq,mbecl_be,mbecl_bl,mbecl_eq,mblinfra_eq,mbswitch_eq,mcdholding_be,mcdholding_eq,mcdowelln_eq,mcleodruss_eq,mcx_eq,media_eq,mediavideo_be,mediavideo_eq,megasoft_be,megasoft_eq,megh_eq,melstar_be,melstar_eq,mercator_eq,merck_eq,metkore_eq,mgold_eq,mhril_eq,mic_eq,mico_eq,micro_bl,micro_eq,microsec_eq,microtech_eq,midday_be,midday_eq,mindacorp_be,mindaind_be,mindaind_eq,mindtree_eq,mircelectr_eq,mirzaint_be,mirzaint_eq,mirzatan_eq,mittallami_eq,mll_eq,mm_bl,mm_eq,mmfin_bl,mmfin_eq,mmfl_eq,mmfsl_eq,mmtc_eq,moil_eq,monnetispa_bl,monnetispa_eq,monsanto_eq,morarealty_be,morarealty_eq,morarjetex_be,morarjetex_eq,morarjetex_w1,morepenhtl_be,morepenhtl_eq,morepenlab_be,morepenlab_eq,morganstan_eq,moserbaer_be,moserbaer_bl,moserbaer_eq,mothersumi_eq,motilalofs_eq,motogenfin_be,motogenfin_eq,mphasis_eq,mphasisbfl_eq,mpsltd_be,mpsltd_bl,mpsltd_eq,mrf_eq,mrotek_be,mrotek_eq,mrpl_eq,mrpl_p1,mskproj_be,mskproj_eq,mspl_be,mspl_eq,mteducare_be,mteducare_eq,mtnl_eq,mudra_be,mudra_eq,mukandengg_be,mukandengg_eq,mukandltd_be,mukandltd_bl,mukandltd_eq,mukandltd_p1,muktaarts_be,muktaarts_eq,mundraport_bl,mundraport_eq,munjalau_be,munjalau_eq,munjalauto_eq,munjalshow_eq,murliind_be,murliind_eq,murudcera_eq,muthootfin_eq,muthootfin_n1,muthootfin_n2,muthootfin_n4,muthootfin_n6,mvl_be,mvl_eq,mvlind_be,mvlind_eq,mysorebank_eq,mysorecem_be,mysorecem_eq,n100_eq,nagarconst_eq,nagarfert_eq,nagaroil_eq,nagpureng_be,nagpureng_eq,nagreeka_eq,nagreekcap_be,nagreekcap_eq,nagreekexp_be,nagreekexp_eq,naharcap_eq,naharexp_eq,naharexpot_eq,naharindus_be,naharindus_eq,naharintl_be,naharintl_eq,naharinvst_be,naharinvst_eq,naharpoly_eq,naharspg_eq,naharsping_be,naharsping_eq,nandan_be,nandan_bl,nandan_eq,nandanexim_eq,narmdchema_be,narmdchema_eq,natcopharm_be,natcopharm_eq,nathseed_be,nathseed_eq,nationalum_eq,natnlsteel_be,natnlsteel_eq,naukri_eq,naukri_il,navbarfero_eq,navinfluor_eq,navnetpubl_eq,nbcc_be,nbcc_eq,nbventures_bl,nbventures_eq,ncc_eq,nclind_be,nclind_eq,ncopper_eq,ndtv_be,ndtv_bl,ndtv_eq,neclife_be,neclife_eq,nehaint_be,nehaint_eq,nelcast_be,nelcast_eq,nelco_be,nelco_eq,neocorp_eq,neocure_be,neocure_eq,neocurther_be,neocurther_eq,nepcmicon_be,nepcmicon_eq,nesco_eq,nestleind_bl,nestleind_eq,net4_eq,net4india_eq,netfinco_be,netfinco_eq,network18_bl,network18_eq,network18_il,network18_p1,network18_p2,network18_w1,neulandlab_be,neulandlab_eq,nextmedia_eq,neyvelilig_eq,nfl_eq,nhai_n1,nhai_n2,nhpc_eq,nicco_be,nicco_eq,niccocorp_be,niccocorp_eq,nicolaspir_eq,nifty,niftybees_eq,niitltd_bl,niitltd_eq,niittech_bl,niittech_eq,nilkamal_eq,nilkamplst_be,nilkamplst_eq,nippobatry_eq,nippondenr_eq,nirma_eq,nissan_be,nissan_eq,nitco_be,nitco_eq,niteshest_eq,nitinfire_eq,nitinspin_be,nitinspin_eq,nmdc_eq,nocil_be,nocil_eq,noidatoll_eq,nol_be,nol_eq,norbteaexp_be,norbteaexp_eq,northgate_be,northgate_eq,nova_eq,novapetro_be,novapetro_bl,novapetro_eq,novopanind_be,novopanind_bl,novopanind_eq,nrbbearing_be,nrbbearing_eq,nrc_be,nrc_eq,nsil_be,nsil_eq,ntpc_bl,ntpc_eq,nucent_be,nucent_bl,nucent_eq,nuchem_be,nuchem_eq,nucleus_eq,numericpw_be,numericpw_eq,nutek_eq,oberoireal_eq,oberoirlty_eq,ocl_bl,ocl_eq,octav_eq,oenconnect_be,oenconnect_eq,ofss_eq,oil_eq,oilcountub_be,oilcountub_bl,oilcountub_eq,oisl_be,oisl_eq,omaxauto_eq,omaxe_eq,omkarchem_eq,ommetals_eq,omnitech_eq,onelifecap_eq,ongc_bl,ongc_eq,onmobile_eq,onwardtec_be,onwardtec_eq,optocircui_eq,orbitcorp_eq,orbitcorp_w1,orchidchem_eq,orginfo_be,orginfo_eq,orientabra_be,orientabra_eq,orientaltl_be,orientaltl_eq,orientbank_eq,orientbank_il,orientbell_eq,orientcera_be,orientcera_eq,orienthot_eq,orientinfo_be,orientinfo_eq,orientltd_eq,orientppr_e1,orientppr_eq,orientpres_be,orientpres_eq,orientref_be,orientref_eq,orissamine_eq,oswalmin_be,oswalmin_eq,otl_eq,oudhsug_be,oudhsug_e1,oudhsug_eq,oudhsug_w1,padmalayat_be,padmalayat_eq,pael_be,pael_eq,pageind_be,pageind_eq,panaceabio_eq,panamapet_eq,panasonic_be,panasonic_eq,pancarbon_eq,panchsheel_eq,panoramuni_be,panoramuni_eq,pantaloonr_eq,pantaloonr_il,paperprod_eq,parabdrugs_eq,paracables_be,paracables_eq,paradyne_eq,paral_be,paral_eq,paraprint_eq,paraspetro_be,paraspetro_eq,parekhplat_be,parekhplat_eq,parryscon_be,parryscon_eq,parrysugar_be,parrysugar_eq,parsvnath_eq,pasupatfab_eq,pasupati_be,pasupati_eq,pasupati_p1,pateleng_eq,patintlog_be,patintlog_eq,patni_eq,patni_il,patspinltd_be,patspinltd_eq,pavci_be,pavci_eq,pbainfra_be,pbainfra_eq,pdpl_be,pdpl_eq,pdumjeagro_be,pdumjeagro_eq,pdumjeind_eq,pdumjepulp_be,pdumjepulp_eq,peacockind_be,peacockind_eq,pearlglobl_be,pearlglobl_eq,pearlpoly_be,pearlpoly_eq,penind_eq,peninland_eq,pentacommu_be,pentacommu_eq,pentsfware_be,pentsfware_eq,pepl_be,pepl_eq,periatea_be,periatea_eq,perlenginf_be,perlenginf_eq,persistent_eq,petronengg_be,petronengg_eq,petronet_eq,pfc_eq,pfizer_eq,pfocus_be,pfocus_eq,pfs_eq,pgel_be,pgel_eq,pghh_bl,pghh_eq,pharmacia_eq,philcorp_be,philcorp_eq,philipcarb_be,philipcarb_eq,phoenixlmp_be,phoenixlmp_eq,phoenixltd_eq,pidilitind_eq,piind_eq,pilaniinv_be,piondist_be,piondist_eq,pioneeremb_be,pioneeremb_eq,pipavavdoc_eq,pipavavyd_eq,piramydret_be,piramydret_eq,pirglass_be,pirglass_eq,pirhealth_eq,pirlife_be,pirlife_eq,pittilam_be,pittilam_eq,plastiblen_eq,plethico_eq,pnb_eq,pnb_il,pnbgilts_be,pnbgilts_eq,pnc_be,pnc_eq,pochiraju_eq,polarind_be,polarind_eq,polaris_eq,polymed_eq,polyplex_be,polyplex_eq,pondyoxide_eq,ponnierode_be,ponnierode_eq,powergrid_eq,ppap_be,ppap_eq,pradip_eq,praeng_be,praeng_eq,prajind_eq,prakash_be,prakash_eq,prakashcon_eq,prakashstl_eq,pratibha_be,pratibha_eq,precot_be,precot_eq,precotmill_eq,precwire_be,precwire_eq,premauto_be,premauto_eq,premautoel_be,premautoel_eq,premier_be,premier_eq,preminstr_eq,prestige_eq,pretaildvr_eq,pretaildvr_il,pricol_be,pricol_eq,primesec_eq,primesecu_be,primesecu_eq,prismcem_eq,prithvi_be,prithvi_eq,prithvisof_eq,provoge_be,provoge_eq,provogue_be,provogue_eq,psb_eq,psl_bl,psl_eq,pstl_be,pstl_bl,pstl_eq,psubnkbees_eq,ptc_eq,ptc_il,ptl_be,ptl_bl,ptl_eq,punjabchem_be,punjabchem_eq,punjabtrac_bl,punjabtrac_eq,punjlloyd_eq,purva_eq,pvp_be,pvp_bl,pvp_eq,pvr_be,pvr_eq,qgoldhalf_eq,qnifty_eq,quintegra_be,quintegra_eq,radaan_be,radaan_eq,radico_eq,rainbowpap_bl,rainbowpap_eq,raincalcin_be,raincalcin_eq,raincom_eq,rairekmoh_be,rairekmoh_eq,rajasspg_eq,rajeshexpo_eq,rajoil_eq,rajpalayam_be,rajpalayam_eq,rajrayon_be,rajrayon_eq,rajsreesug_be,rajsreesug_eq,rajtv_be,rajtv_eq,rajvir_be,rajvir_eq,rallis_be,rallis_eq,ramanews_be,ramanews_eq,ramanewspr_eq,ramcoind_be,ramcoind_eq,ramcosys_be,ramcosys_eq,ramky_eq,ramsarup_be,ramsarup_eq,ranasug_be,ranasug_eq,ranbaxy_bl,ranbaxy_eq,ranebrake_eq,raneengine_be,raneengine_eq,raneholdin_eq,ranemadras_eq,ranklin_eq,rasoypr_be,rasoypr_eq,ratnamani_bl,ratnamani_eq,raymond_eq,rbl_be,rbl_eq,rbn_be,rbn_eq,rcapvl_bl,rcapvl_eq,rcapvl_il,rcf_eq,rcom_bl,rcom_eq,rcvl_bl,rcvl_eq,recltd_eq,recltd_il,redington_eq,refex_be,refex_eq,regenceram_be,regenceram_eq,reiagro_be,reiagro_eq,reiagroltd_eq,reisixten_eq,rel_eq,relaxo_eq,relbank_eq,relcapital_eq,reldualdpa_mf,reldualgpa_mf,relfxvii4g_mf,relgold_eq,relgrnifty_eq,reliance_bl,reliance_eq,religare_bl,religare_eq,religarego_eq,relinfra_bl,relinfra_eq,relmedia_be,relmedia_eq,remsonsind_be,remsonsind_eq,renuka_bl,renuka_eq,renvl_bl,renvl_eq,repro_be,repro_eq,responind_eq,resurgere_be,resurgere_eq,revathi_be,revathi_eq,revl_eq,rfhf14rgp2_mf,rfhf15rgp9_mf,rfhfxix10d_mf,rfhfxix13g_mf,rfhfxix2gp_mf,ricoauto_be,ricoauto_eq,riil_bl,riil_eq,rjl_be,rjl_eq,rjl_w1,rkdl_be,rkdl_eq,rkforge_be,rkforge_eq,rmcl_be,rmcl_eq,rmedia_be,rmedia_eq,rml_be,rml_eq,rnrl_bl,rnrl_eq,rnrl_il,rohitferro_be,rohitferro_eq,rohltd_eq,rolta_bl,rolta_eq,roman_be,roman_eq,rpgcables_be,rpgcables_eq,rpglife_be,rpglife_eq,rpgls_eq,rpgtelecom_be,rpgtelecom_eq,rpgtltd_eq,rpl_bl,rpl_eq,rpower_eq,rppinfra_eq,rssoftware_be,rssoftware_eq,rswm_be,rswm_eq,rsystems_be,rsystems_eq,rubymills_be,rubymills_eq,ruchinfra_be,ruchinfra_bl,ruchinfra_eq,ruchira_be,ruchira_eq,ruchisoya_bl,ruchisoya_eq,rupa_eq,rushil_eq,saberorgan_be,saberorgan_bl,saberorgan_eq,sabtn_be,sabtn_eq,sadbhav_bl,sadbhav_eq,sadbhav_w1,saeltd_be,saeltd_eq,sagcem_eq,sahpetro_be,sahpetro_eq,sail_eq,sakhtisug_be,sakhtisug_eq,saksoft_be,saksoft_eq,sakthifin_be,sakthifin_eq,sakuma_eq,sakuma_p1,sakuma_w1,salonacot_be,salonacot_eq,saloraintl_be,saloraintl_eq,salsteel_be,salsteel_eq,sambandam_eq,sambhaav_be,sambhaav_eq,samruddhi_eq,samtel_be,samtel_eq,sandesh_be,sandesh_eq,sangamind_be,sangamind_eq,sanghiind_be,sanghiind_eq,sanghipoly_be,sanghipoly_eq,sanghvifor_eq,sanghvimov_eq,sanwaria_be,sanwaria_eq,sapl_eq,sardaen_bl,sardaen_eq,saregama_be,saregama_eq,sarlapoly_eq,sarthakind_eq,sasken_eq,sathaispat_eq,satnamover_eq,satyamcomp_bl,satyamcomp_eq,savera_eq,savitachem_eq,sawpipes_eq,sbbj_bt,sbbj_eq,sbigets_eq,sbihomefin_be,sbihomefin_eq,sbin_bl,sbin_eq,sbin_il,sbin_n1,sbin_n2,sbin_n3,sbin_n4,sbin_n5,sbin_n6,sbt_bt,sbt_eq,sbtintl_be,sbtintl_eq,scandent_eq,schenherd_be,schenherd_eq,schneider_be,schneider_eq,sci_eq,sdf370d5g_mf,seamecltd_be,seamecltd_eq,searleind_be,searleind_eq,seinv_be,seinv_eq,seinvest_eq,sejalglass_be,sejalglass_eq,selan_be,selan_eq,selmcl_eq,sentinel_be,sentinel_eq,servall_be,servall_eq,sesagoa_eq,sesagoa_il,seshapaper_eq,sezal_be,sezal_eq,sezalglass_be,sezalglass_eq,sgfl_be,sgfl_eq,sgjhl_eq,sgl_be,sgl_e1,sgl_eq,shahalloys_be,shahalloys_eq,shaktigas_eq,shaktipump_eq,shalpaints_be,shalpaints_eq,shamknfab_be,shamknfab_eq,shantigear_eq,shariabees_eq,sharonbio_eq,sharresltd_be,sharresltd_eq,shasunchem_be,shasunchem_eq,shasunphar_be,shasunphar_eq,shilpamed_eq,shilpi_eq,shivamauto_be,shivamauto_eq,shivtex_be,shivtex_eq,shivvani_be,shivvani_eq,shlakshmi_eq,shoperstop_eq,shpre_be,shpre_eq,shree_eq,shreeashta_be,shreeashta_eq,shreecem_eq,shreerama_be,shreerama_eq,shrenuj_eq,shreyanind_be,shreyanind_eq,shreyas_be,shreyas_eq,shreyaship_be,shreyaship_eq,shrinatraj_be,shrinatraj_eq,shringar_be,shringar_eq,shriramcit_bl,shriramcit_eq,shriramcit_n2,shriramcit_n3,shriramcit_n4,shriramcit_n5,shriramcit_n6,shriramepc_eq,shriraminv_eq,shrmhonda_eq,shrvindppr_be,shrvindppr_eq,shyamtel_be,shyamtel_eq,shyamtele_eq,sicagen_be,sicagen_eq,sical_be,sical_bl,sical_eq,siemens_eq,sigroupind_be,sigroupind_eq,sil_be,sil_eq,silinv_eq,simbhsugar_be,simbhsugar_eq,simplex_be,simplex_eq,simplexcon_eq,simplexinf_eq,sintex_eq,sirpaper_be,sirpaper_e1,sirpaper_eq,sitashree_be,sitashree_eq,sivind_be,sivind_eq,siysil_bl,siysil_eq,sjvn_eq,skfindia_eq,skmeggprod_be,skmeggprod_eq,sksmicro_eq,skumarsynf_be,skumarsynf_eq,smartlink_be,smartlink_eq,smlisuzu_eq,smobility_eq,smpl_eq,smspharma_be,smspharma_eq,smzschem_be,smzschem_eq,snowcemind_be,snowcemind_eq,sobha_eq,soffiasoft_eq,softpro_be,softpro_eq,softsolint_be,softsolint_eq,softtechgr_be,softtechgr_eq,solarex_be,solarex_eq,solarinds_eq,solectcent_be,solectcent_eq,solems_be,solems_eq,somanycera_be,somanycera_eq,somatex_be,somatex_eq,sonasteer_be,sonasteer_bl,sonasteer_eq,sonatsoftw_be,sonatsoftw_eq,sotl_eq,souispat_eq,southbank_eq,southbank_il,spanco_eq,sparc_eq,spectacle_be,spectacle_eq,spentex_be,spentex_eq,spic_be,spic_eq,spicemobil_be,spicemobil_eq,spicetele_bl,spicetele_eq,splil_be,splil_eq,splltd_be,splltd_eq,spmlinfra_be,spmlinfra_eq,spsl_be,spsl_eq,spyl_eq,sqrdsfware_be,sqrdsfware_eq,sreinfra_eq,sreinfra_n8,sreintfin_bl,sreintfin_eq,sreintfin_n8,srerayhist_be,srerayhist_eq,srf_eq,srginfotec_be,srginfotec_eq,srhhlindst_be,srhhlindst_eq,srhhypoltd_be,srhhypoltd_eq,sriadikari_be,sriadikari_eq,srichamund_be,srichamund_eq,srsltd_eq,srtransfin_eq,srtransfin_n1,srtransfin_n2,srtransfin_n3,srtransfin_n4,srtransfin_n5,srtransfin_n6,srtransfin_n7,srtransfin_n8,srtransfin_n9,srtransfin_na,srtransfin_nb,srtransfin_nc,srtransfin_nd,srtransfin_ne,srtransfin_nf,srtransfin_ng,srtransfin_ni,srtransfin_nj,srtransfin_nl,srtransfin_nm,srtransfin_nn,srtransfin_no,srtransfin_np,srtransfin_nq,sswl_be,sswl_eq,stan_dl,stan_dr,star_bl,star_eq,starpaper_be,starpaper_eq,stcindia_eq,steeltubes_be,steeltubes_eq,stel_eq,ster_bl,ster_eq,sterlinbio_eq,stertools_eq,stindia_be,stindia_bl,stindia_eq,storeone_be,storeone_eq,stroptical_eq,strtech_eq,subex_be,subex_eq,subhasproj_be,subhasproj_eq,subros_be,subros_eq,sudar_eq,sudarschem_be,sudarschem_bt,sudarschem_eq,sujanatow_be,sujanatow_eq,sujanauni_be,sujanauni_eq,sumeetinds_eq,summit_be,summit_eq,summitsec_be,summitsec_eq,sunclayton_be,sunclayton_eq,sundaram_eq,sundarmfin_bl,sundarmfin_eq,sundrmbrak_eq,sundrmclay_eq,sundrmfast_eq,sunflag_bl,sunflag_eq,sunilhitec_eq,sunpharma_bl,sunpharma_eq,sunpharma_p1,sunteck_bl,sunteck_eq,suntv_eq,super_eq,superspin_be,superspin_eq,suppetro_be,suppetro_eq,suprajit_be,suprajit_eq,supremeind_bl,supremeind_eq,supremeinf_bl,supremeinf_eq,supremetex_be,supremetex_eq,supremyarn_eq,surajdiamn_eq,suranacorp_be,suranacorp_eq,suranaind_eq,suranatele_be,suranatele_eq,suranatp_eq,suranavel_be,suranavel_eq,suratelec_eq,suryajyoti_be,suryajyoti_eq,suryalaxmi_be,suryalaxmi_eq,suryapharm_eq,suryarosni_be,suryarosni_eq,surycotmil_eq,sutlejinds_eq,sutlejtex_be,sutlejtex_eq,suven_be,suven_eq,suzlon_eq,swarajeng_be,swarajeng_eq,swarajmazd_be,swarajmazd_eq,symphony_eq,syncom_eq,syndibank_eq,tainwalchm_be,tainwalchm_eq,tajgvk_eq,take_eq,taksheel_eq,talbroauto_be,talbroauto_eq,talwalkars_eq,tanfacind_eq,tanla_be,tanla_eq,tantiacons_eq,tarapur_eq,tascpharma_eq,tatacap_n1,tatacap_n2,tatacap_n3,tatacap_n4,tatachem_bl,tatachem_eq,tatacoffee_eq,tatacoffee_n1,tatacomm_eq,tataelxsi_eq,tatafin_eq,tataglobal_eq,tatahoney_eq,tatainfo_eq,tatainfote_eq,tatainvest_bl,tatainvest_eq,tatainvest_w1,tatametali_be,tatametali_eq,tatamotors_bl,tatamotors_eq,tatamtrdvr_bl,tatamtrdvr_eq,tatapower_bl,tatapower_eq,tatasponge_eq,tatasteel_bl,tatasteel_eq,tatasteel_il,tatasteel_q1,tatatea_eq,tatatelser_eq,tatavashis_be,tatavashis_eq,tci_be,tci_eq,tcidevelop_be,tcidevelop_eq,tcifinance_be,tcifinance_eq,tcpltd_be,tcpltd_eq,tcs_bl,tcs_eq,tdpowersys_eq,techm_bl,techm_eq,techno_be,techno_eq,technoelec_eq,technofab_eq,tecpro_eq,teledatagl_eq,teledatain_eq,teledatait_be,teledatait_eq,telemarine_be,telemarine_eq,texinfra_eq,texmacoltd_be,texmacoltd_eq,texmopipes_eq,texrail_be,texrail_eq,tfciltd_be,tfciltd_eq,tfl_be,tfl_eq,thangamayl_eq,thebyke_eq,themismed_be,themismed_eq,thermax_eq,thermax_p1,thinksoft_be,thinksoft_eq,thirusugar_be,thirusugar_eq,thomascook_eq,thomascott_be,thomascott_eq,ti_eq,tidewater_be,tidewater_eq,tiil_be,tiil_eq,tijaria_eq,til_be,til_eq,timbor_be,timbor_eq,timesgty_be,timesgty_eq,timetechno_eq,timken_be,timken_eq,tinplate_be,tinplate_d1,tinplate_eq,tipsindltd_be,tipsindltd_eq,tirumalchm_be,tirumalchm_eq,tisco_eq,titan_bl,titan_eq,titan_n1,titanocomp_be,titanocomp_eq,tnpetro_be,tnpetro_eq,tnpl_eq,tntele_be,tntele_eq,todays_be,todays_eq,tokyoplast_be,tokyoplast_eq,torntpharm_eq,torntpower_eq,torrentaec_eq,torrentsec_eq,trafalhse_be,trafalhse_eq,treads_be,treads_bl,treads_eq,treehouse_eq,trent_bl,trent_eq,trent_n1,trent_q1,trent_q2,trent_w1,trf_eq,tricom_eq,trident_eq,trigyn_be,trigyn_eq,tril_eq,triturbine_be,triturbine_eq,triveni_bl,triveni_eq,ttkhealth_be,ttkhealth_eq,ttkprestig_be,ttkprestig_eq,ttl_be,ttl_bl,ttl_eq,ttml_eq,tubeinvest_bl,tubeinvest_eq,tulip_eq,tulsi_be,tulsi_eq,tulsyan_be,tulsyan_eq,tv18_bl,tv18_e1,tv18_e2,tv18_eq,tv18_il,tv18_w1,tv18_w2,tv18brdcst_eq,tvselect_be,tvselect_eq,tvsmotor_eq,tvssrichak_be,tvssrichak_eq,tvtoday_eq,twilitaka_eq,twl_eq,ubengg_eq,ubholdings_eq,ubl_eq,ucalfuel_be,ucalfuel_eq,ucobank_eq,ufiqipipvi_mf,uflex_eq,uftifgs9p2_mf,uftifgvii2_mf,ugarsugar_eq,ultracemco_eq,umesl_be,umesl_eq,umesltd_be,umesltd_eq,umitl_be,umitl_bl,umitl_eq,unichemlab_eq,unienter_be,unienter_bl,unienter_eq,unionbank_eq,unionbank_il,unioncarbi_eq,uniphos_eq,uniply_be,uniply_eq,unitech_bl,unitech_eq,unitedbnk_eq,unitedtea_eq,unity_bl,unity_eq,univcables_be,univcables_eq,uniwestbnk_be,uniwestbnk_eq,uperganges_be,uperganges_eq,us64bonds_n1,ushamart_bl,ushamart_eq,usheragro_eq,utibank_bl,utibank_eq,utisunder_eq,uttamstl_be,uttamstl_eq,uttamsugar_be,uttamsugar_eq,utvsof_bl,utvsof_eq,utyp0909rg_mf,v2retail_be,v2retail_eq,vadilalind_eq,vaibhavgem_be,vaibhavgem_bl,vaibhavgem_eq,vakransoft_be,vakransoft_eq,valechaeng_eq,valueind_eq,vardhacrlc_be,vardhacrlc_eq,vardhmnspg_eq,vardmnpoly_be,vardmnpoly_eq,varun_eq,varunship_e1,varunship_eq,vasconeq_eq,vaswani_eq,vatech_eq,vatsmusc_eq,vdoconappl_eq,vdoconintl_eq,venkeys_be,venkeys_eq,venusrem_eq,vesuvius_eq,vguard_eq,vhl_be,vhl_eq,viceroy_be,viceroy_eq,videoind_be,videoind_bl,videoind_e1,videoind_eq,vijayabank_eq,vijayabank_il,vijaytex_eq,vijshan_be,vijshan_eq,vikasglob_be,vikasglob_eq,vikashmet_be,vikashmet_eq,vimtalabs_be,vimtalabs_eq,vinatiorga_eq,vincards_be,vincards_eq,vindhyatel_be,vindhyatel_eq,vintage_be,vintage_eq,vinylchem_be,vinylchem_eq,vinylindia_be,vinylindia_eq,vipind_be,vipind_eq,vipul_eq,visakaind_be,visakaind_eq,visasteel_be,visasteel_eq,viseshinfo_be,viseshinfo_eq,vishalexpo_be,vishalexpo_eq,vishalret_be,vishalret_eq,visionltd_be,visionltd_eq,visualsoft_eq,visuintl_be,visuintl_eq,vitlinfo_eq,vivimedlab_be,vivimedlab_eq,vlsfinance_be,vlsfinance_eq,voltamp_eq,voltas_eq,vsgml_eq,vsnl_eq,vstind_eq,vsttillers_eq,vtl_be,vtl_eq,vtmltd_eq,vtxind_eq,vxl_be,vxl_eq,vysyabank_eq,wabag_eq,wabcoindia_eq,wabcotvs_eq,walchannag_be,walchannag_eq,wanbury_be,wanbury_eq,wartsila_eq,webelsolar_be,webelsolar_eq,weizforex_be,weizforex_eq,weizmanind_be,weizmanind_eq,welcorp_eq,welglob_be,welglob_eq,welguj_eq,welinv_be,welinv_eq,wellwinind_be,wellwinind_eq,welproj_be,welproj_eq,welspunguj_eq,welspunind_be,welspunind_eq,wendt_be,wendt_eq,wheels_eq,whirlpool_be,whirlpool_eq,willamagor_be,willamagor_eq,wimco_eq,wimcoltd_be,wimcoltd_eq,windmachin_be,windmachin_eq,windsor_be,windsor_eq,winsome_be,winsome_eq,winsomyarn_be,winsomyarn_eq,wipro_bl,wipro_eq,wockpharma_be,wockpharma_eq,wopolin_be,wopolin_eq,wsi_be,wsi_eq,wstcstpapr_bt,wstcstpapr_eq,wwil_be,wwil_e1,wwil_eq,wyeth_eq,wyethlede_eq,xlenergy_be,xlenergy_eq,xltelene_be,xltelene_eq,xltl_eq,xproindia_be,xproindia_eq,yesbank_eq,yokogawa_eq,zandupharm_eq,zandurealt_be,zandurealt_eq,zeel_eq,zeelearn_be,zeelearn_bl,zeelearn_eq,zeenews_eq,zeenews_il,zeetele_bl,zeetele_eq,zenithbir_be,zenithbir_eq,zenithcomp_be,zenithcomp_eq,zenithexpo_be,zenithexpo_eq,zenithinfo_be,zenithinfo_eq,zensartech_be,zensartech_eq,zicom_be,zicom_eq,zodiacloth_be,zodiacloth_eq,zodjrdmkj_be,zodjrdmkj_eq,zuariagro_be,zuariagro_eq,zyduswell_eq,zylog_eq,